date,demand_mwh,temp,humidity,weather_cities_present
2019-01-01,985428.0,7.4,79.25,4
2019-01-02,1137156.0,5.275,91.5,4
2019-01-03,1100758.0,6.375,87.0,4
2019-01-04,1013134.0,8.35,67.75,4
2019-01-05,903604.0,10.75,70.5,4
2019-01-06,837163.0,13.825,80.25,4
2019-01-07,835975.0,18.775,78.0,4
2019-01-08,855810.0,16.725,72.25,4
2019-01-09,888973.0,12.75,45.75,4
2019-01-10,934787.0,10.55,52.25,4
2019-01-11,919555.0,12.3,75.0,4
2019-01-12,884261.0,13.175,73.75,4
2019-01-13,968948.0,7.275,68.5,4
2019-01-14,1048998.0,6.3,72.0,4
2019-01-15,1016275.0,8.325,75.5,4
2019-01-16,932932.0,11.825,89.0,4
2019-01-17,868227.0,15.1,83.5,4
2019-01-18,885034.0,14.65,91.0,4
2019-01-19,963148.0,10.35,59.25,4
2019-01-20,1028633.0,5.05,57.25,4
2019-01-21,998087.0,9.425,72.25,4
2019-01-22,899469.0,16.2,78.25,4
2019-01-23,1076927.0,6.275,56.5,4
2019-01-24,1046634.0,7.050000000000001,59.0,4
2019-01-25,998492.0,8.15,67.5,4
2019-01-26,908041.0,10.85,73.25,4
2019-01-27,876010.0,11.55,70.0,4
2019-01-28,926316.0,12.475,65.5,4
2019-01-29,1042892.0,6.275,45.75,4
2019-01-30,1049022.0,7.1,52.75,4
2019-01-31,969360.0,11.149999999999999,78.75,4
2019-02-01,864285.0,15.5,90.75,4
2019-02-02,815509.0,16.05,91.75,4
2019-02-03,799339.0,18.525,89.75,4
2019-02-04,852910.0,20.375,88.5,4
2019-02-05,863830.0,21.275,88.0,4
2019-02-06,882115.0,22.25,86.5,4
2019-02-07,920371.0,15.475,72.5,4
2019-02-08,1186916.0,2.6,59.0,4
2019-02-09,1149259.0,3.4250000000000003,71.25,4
2019-02-10,1020713.0,7.625,90.0,4
2019-02-11,934303.0,13.975,95.0,4
2019-02-12,905404.0,12.975,56.5,4
2019-02-13,970946.0,9.975000000000001,59.25,4
2019-02-14,875974.0,16.275,72.25,4
2019-02-15,859452.0,18.35,75.75,4
2019-02-16,914391.0,11.725000000000001,82.25,4
2019-02-17,867156.0,13.2,71.5,4
2019-02-18,999423.0,9.575,51.25,4
2019-02-19,1076234.0,6.75,80.25,4
2019-02-20,979786.0,9.8,69.25,4
2019-02-21,968536.0,10.35,78.25,4
2019-02-22,933949.0,12.5,92.25,4
2019-02-23,845406.0,17.55,61.25,4
2019-02-24,853532.0,12.0,42.75,4
2019-02-25,919943.0,11.925,58.0,4
2019-02-26,874767.0,15.05,87.0,4
2019-02-27,887897.0,17.125,90.5,4
2019-02-28,1038286.0,8.1,89.25,4
2019-03-01,993784.0,8.625,83.0,4
2019-03-02,932706.0,11.7,90.75,4
2019-03-03,1019462.0,8.1,85.75,4
2019-03-04,1291075.0,0.9750000000000001,61.0,4
2019-03-05,1220671.0,2.75,47.5,4
2019-03-06,1089632.0,6.725,52.5,4
2019-03-07,912226.0,15.55,76.0,4
2019-03-08,870092.0,21.55,82.75,4
2019-03-09,855479.0,22.825,70.0,4
2019-03-10,804394.0,19.0,80.0,4
2019-03-11,889275.0,17.775,85.5,4
2019-03-12,876971.0,19.3,89.75,4
2019-03-13,866539.0,21.0,72.0,4
2019-03-14,847079.0,19.225,46.0,4
2019-03-15,858517.0,12.825,40.0,4
2019-03-16,850793.0,11.925,41.75,4
2019-03-17,826879.0,13.05,47.25,4
2019-03-18,866145.0,13.825,51.5,4
2019-03-19,847087.0,14.925,56.25,4
2019-03-20,841277.0,16.125,64.5,4
2019-03-21,846348.0,17.05,57.5,4
2019-03-22,836978.0,18.2,59.75,4
2019-03-23,789215.0,19.35,72.0,4
2019-03-24,821097.0,21.375,78.5,4
2019-03-25,884259.0,21.55,74.75,4
2019-03-26,847064.0,18.400000000000002,59.25,4
2019-03-27,848448.0,17.65,62.5,4
2019-03-28,851199.0,18.975,69.75,4
2019-03-29,856499.0,20.675,73.25,4
2019-03-30,816362.0,16.974999999999998,71.0,4
2019-03-31,848988.0,10.325,49.25,4
2019-04-01,911443.0,10.2,54.25,4
2019-04-02,888369.0,13.175,55.75,4
2019-04-03,845936.0,16.475,75.25,4
2019-04-04,898052.0,22.6,77.25,4
2019-04-05,896840.0,21.25,79.25,4
2019-04-06,855481.0,21.3,89.5,4
2019-04-07,811797.0,19.85,86.5,4
2019-04-08,893260.0,21.7,67.5,4
2019-04-09,951960.0,22.65,62.5,4
2019-04-10,987290.0,24.525,58.0,4
2019-04-11,899578.0,21.6,51.5,4
2019-04-12,854762.0,18.2,59.75,4
2019-04-13,852013.0,18.225,77.0,4
2019-04-14,803857.0,14.625,54.25,4
2019-04-15,871067.0,18.5,61.0,4
2019-04-16,899472.0,21.225,75.25,4
2019-04-17,943897.0,23.3,83.75,4
2019-04-18,867274.0,19.625,71.0,4
2019-04-19,804522.0,17.575,47.5,4
2019-04-20,814713.0,18.275,57.5,4
2019-04-21,837263.0,20.975,69.0,4
2019-04-22,919246.0,21.975,74.75,4
2019-04-23,905861.0,22.0,82.75,4
2019-04-24,879718.0,19.425,88.75,4
2019-04-25,926240.0,21.525,69.5,4
2019-04-26,931651.0,21.875,62.25,4
2019-04-27,915882.0,22.65,63.75,4
2019-04-28,926176.0,23.0,72.75,4
2019-04-29,996487.0,23.775,77.25,4
2019-04-30,1024333.0,25.325,80.25,4
2019-05-01,1030672.0,25.3,80.5,4
2019-05-02,965812.0,22.975,81.5,4
2019-05-03,919866.0,21.9,86.0,4
2019-05-04,907147.0,22.275,76.5,4
2019-05-05,940675.0,22.925,73.25,4
2019-05-06,992146.0,22.825,77.25,4
2019-05-07,1009197.0,24.0,85.0,4
2019-05-08,966479.0,22.75,87.25,4
2019-05-09,994888.0,23.9,85.0,4
2019-05-10,853711.0,16.875,80.0,4
2019-05-11,810328.0,17.675,88.75,4
2019-05-12,832850.0,20.35,73.25,4
2019-05-13,935346.0,21.8,71.0,4
2019-05-14,983197.0,23.200000000000003,73.75,4
2019-05-15,1021502.0,24.275,75.0,4
2019-05-16,1045924.0,24.725,73.5,4
2019-05-17,1075444.0,25.9,78.0,4
2019-05-18,1007895.0,25.825,84.0,4
2019-05-19,1063190.0,27.125,77.5,4
2019-05-20,1157277.0,27.625,78.0,4
2019-05-21,1095621.0,26.3,68.0,4
2019-05-22,1163268.0,27.7,74.5,4
2019-05-23,1209206.0,28.35,74.5,4
2019-05-24,1188300.0,27.9,72.75,4
2019-05-25,1125065.0,27.575,73.75,4
2019-05-26,1094000.0,27.224999999999998,72.0,4
2019-05-27,1118467.0,27.1,69.75,4
2019-05-28,1166704.0,27.35,72.5,4
2019-05-29,1150170.0,27.4,76.0,4
2019-05-30,1119911.0,25.825,80.75,4
2019-05-31,1110970.0,26.325,77.25,4
2019-06-01,1123167.0,27.325,75.5,4
2019-06-02,1113437.0,27.575,73.5,4
2019-06-03,1220022.0,28.525,70.75,4
2019-06-04,1154928.0,26.925,76.5,4
2019-06-05,1106648.0,26.325,83.75,4
2019-06-06,1151154.0,26.45,77.75,4
2019-06-07,1163727.0,27.925,68.0,4
2019-06-08,1188298.0,28.775,66.5,4
2019-06-09,1176882.0,28.975,70.5,4
2019-06-10,1125590.0,27.0,64.0,4
2019-06-11,1039363.0,24.225,63.5,4
2019-06-12,1089103.0,25.25,67.75,4
2019-06-13,1135519.0,26.675,60.25,4
2019-06-14,1176583.0,27.55,63.5,4
2019-06-15,1216489.0,29.3,66.5,4
2019-06-16,1087517.0,27.075,75.5,4
2019-06-17,1100237.0,25.6,77.5,4
2019-06-18,1217769.0,28.4,69.25,4
2019-06-19,1296457.0,29.775,70.25,4
2019-06-20,1318502.0,30.15,72.25,4
2019-06-21,1351817.0,30.425,71.5,4
2019-06-22,1258627.0,29.5,75.0,4
2019-06-23,1258825.0,29.875,76.25,4
2019-06-24,1128528.0,25.675,82.0,4
2019-06-25,1130396.0,26.0,79.25,4
2019-06-26,1169771.0,26.75,81.0,4
2019-06-27,1199113.0,27.5,79.5,4
2019-06-28,1220771.0,27.7,76.75,4
2019-06-29,1161460.0,27.5,74.0,4
2019-06-30,1077162.0,25.475,79.75,4
2019-07-01,1208116.0,27.4,76.25,4
2019-07-02,1226515.0,27.675,79.25,4
2019-07-03,1190321.0,27.25,81.25,4
2019-07-04,1186295.0,28.75,75.75,4
2019-07-05,1261061.0,29.65,72.75,4
2019-07-06,1224108.0,29.15,73.75,4
2019-07-07,1229253.0,29.675,71.0,4
2019-07-08,1290551.0,29.35,71.75,4
2019-07-09,1323136.0,30.125,69.75,4
2019-07-10,1342045.0,30.175,70.5,4
2019-07-11,1294686.0,29.9,67.25,4
2019-07-12,1291256.0,30.0,60.0,4
2019-07-13,1228274.0,29.625,60.0,4
2019-07-14,1197862.0,29.45,66.25,4
2019-07-15,1296087.0,29.75,70.25,4
2019-07-16,1365082.0,30.825,65.75,4
2019-07-17,1362270.0,30.475,67.0,4
2019-07-18,1360863.0,30.525,65.75,4
2019-07-19,1355543.0,30.4,64.5,4
2019-07-20,1318319.0,30.5,62.75,4
2019-07-21,1279279.0,30.05,63.25,4
2019-07-22,1296646.0,29.55,65.5,4
2019-07-23,1202921.0,28.575,59.5,4
2019-07-24,1149137.0,26.9,50.5,4
2019-07-25,1136753.0,26.175,50.0,4
2019-07-26,1169100.0,27.125,53.25,4
2019-07-27,1208855.0,28.625,57.5,4
2019-07-28,1245648.0,29.8,65.0,4
2019-07-29,1310538.0,29.95,64.25,4
2019-07-30,1341310.0,30.55,63.5,4
2019-07-31,1335079.0,30.375,62.5,4
2019-08-01,1331427.0,30.275,62.25,4
2019-08-02,1337337.0,30.575,59.25,4
2019-08-03,1229949.0,29.6,63.5,4
2019-08-04,1218306.0,29.35,67.5,4
2019-08-05,1341443.0,30.3,66.25,4
2019-08-06,1379945.0,30.925,65.25,4
2019-08-07,1414333.0,31.425,63.0,4
2019-08-08,1409123.0,31.4,62.5,4
2019-08-09,1416797.0,31.65,61.75,4
2019-08-10,1379878.0,31.5,61.25,4
2019-08-11,1374897.0,31.675,60.25,4
2019-08-12,1447884.0,32.05,58.25,4
2019-08-13,1447287.0,32.199999999999996,57.75,4
2019-08-14,1386595.0,30.875,62.5,4
2019-08-15,1367299.0,30.725,63.5,4
2019-08-16,1401743.0,31.575,59.75,4
2019-08-17,1380434.0,31.675,60.5,4
2019-08-18,1375111.0,31.7,60.5,4
2019-08-19,1434374.0,31.6,61.5,4
2019-08-20,1400589.0,31.125,62.25,4
2019-08-21,1380718.0,30.7,60.75,4
2019-08-22,1368753.0,30.525,62.5,4
2019-08-23,1311775.0,29.675,68.0,4
2019-08-24,1247141.0,28.975,73.25,4
2019-08-25,1272727.0,29.65,74.0,4
2019-08-26,1431297.0,31.575,67.0,4
2019-08-27,1300708.0,29.325,71.0,4
2019-08-28,1284563.0,28.975,74.5,4
2019-08-29,1335991.0,30.2,67.75,4
2019-08-30,1277663.0,29.475,68.5,4
2019-08-31,1173639.0,28.55,69.25,4
2019-09-01,1202198.0,29.3,65.25,4
2019-09-02,1244567.0,30.175,56.75,4
2019-09-03,1291084.0,30.049999999999997,56.25,4
2019-09-04,1308227.0,30.575,56.75,4
2019-09-05,1295038.0,30.225,58.0,4
2019-09-06,1309344.0,30.95,54.5,4
2019-09-07,1282332.0,30.825,54.5,4
2019-09-08,1259381.0,29.925,58.0,4
2019-09-09,1290508.0,29.5,61.5,4
2019-09-10,1264364.0,28.525,67.5,4
2019-09-11,1227083.0,27.6,74.0,4
2019-09-12,1243617.0,28.675,69.5,4
2019-09-13,1246855.0,29.2,62.0,4
2019-09-14,1211635.0,29.85,53.5,4
2019-09-15,1211684.0,29.549999999999997,55.75,4
2019-09-16,1256008.0,29.55,57.0,4
2019-09-17,1204563.0,27.7,70.5,4
2019-09-18,1221138.0,28.475,70.75,4
2019-09-19,1164859.0,28.15,73.75,4
2019-09-20,1213849.0,28.75,75.0,4
2019-09-21,1195603.0,28.75,72.0,4
2019-09-22,1189815.0,28.95,70.0,4
2019-09-23,1266167.0,29.35,70.0,4
2019-09-24,1260871.0,28.925,69.75,4
2019-09-25,1264742.0,28.875,66.75,4
2019-09-26,1254646.0,28.75,64.25,4
2019-09-27,1226570.0,28.35,66.5,4
2019-09-28,1223080.0,28.95,72.25,4
2019-09-29,1223925.0,29.6,69.0,4
2019-09-30,1268427.0,29.225,72.5,4
2019-10-01,1261193.0,29.200000000000003,68.0,4
2019-10-02,1246610.0,28.65,67.25,4
2019-10-03,1228639.0,28.475,66.25,4
2019-10-04,1183135.0,27.65,65.75,4
2019-10-05,1152593.0,27.7,64.5,4
2019-10-06,1152681.0,28.1,61.0,4
2019-10-07,1040706.0,23.925,64.5,4
2019-10-08,984125.0,22.075,60.25,4
2019-10-09,1082699.0,25.5,67.0,4
2019-10-10,1200035.0,28.5,68.25,4
2019-10-11,900899.0,16.0,67.75,4
2019-10-12,794179.0,14.75,40.75,4
2019-10-13,826333.0,19.5,51.5,4
2019-10-14,988288.0,24.05,76.0,4
2019-10-15,1106187.0,26.8,79.5,4
2019-10-16,900208.0,19.475,63.75,4
2019-10-17,836412.0,16.525000000000002,59.5,4
2019-10-18,885833.0,18.6,64.0,4
2019-10-19,959693.0,24.175,71.5,4
2019-10-20,1006426.0,25.05,74.75,4
2019-10-21,950577.0,21.975,56.75,4
2019-10-22,861880.0,18.1,43.25,4
2019-10-23,895988.0,20.15,56.25,4
2019-10-24,930645.0,21.15,78.0,4
2019-10-25,865064.0,11.425,76.75,4
2019-10-26,811784.0,13.6,62.5,4
2019-10-27,810277.0,16.5,58.5,4
2019-10-28,877260.0,17.95,82.0,4
2019-10-29,923220.0,14.975,93.0,4
2019-10-30,974542.0,10.45,88.75,4
2019-10-31,1006682.0,6.425,56.75,4
2019-11-01,974173.0,7.975,57.5,4
2019-11-02,867225.0,11.525,56.75,4
2019-11-03,882572.0,12.575,60.25,4
2019-11-04,877059.0,18.275,74.25,4
2019-11-05,898146.0,20.875,85.0,4
2019-11-06,909251.0,21.925,79.0,4
2019-11-07,916455.0,15.825,87.5,4
2019-11-08,947972.0,9.125,79.0,4
2019-11-09,868879.0,11.825,72.0,4
2019-11-10,823870.0,15.825,71.75,4
2019-11-11,961742.0,14.5,79.0,4
2019-11-12,1214071.0,2.25,54.5,4
2019-11-13,1181656.0,3.025,60.75,4
2019-11-14,1046745.0,7.15,76.5,4
2019-11-15,982668.0,8.85,66.25,4
2019-11-16,923787.0,9.45,64.0,4
2019-11-17,861907.0,12.175,71.75,4
2019-11-18,882373.0,14.1,66.0,4
2019-11-19,873730.0,16.175,71.75,4
2019-11-20,881856.0,20.675,78.5,4
2019-11-21,906201.0,22.325,80.75,4
2019-11-22,908078.0,15.35,84.25,4
2019-11-23,883857.0,11.424999999999999,68.25,4
2019-11-24,861054.0,12.65,65.75,4
2019-11-25,888487.0,17.725,65.25,4
2019-11-26,910015.0,21.225,77.0,4
2019-11-27,906112.0,14.950000000000001,38.0,4
2019-11-28,881200.0,12.75,69.25,4
2019-11-29,888004.0,16.875,93.25,4
2019-11-30,883177.0,23.299999999999997,75.75,4
2019-12-01,851576.0,13.625,37.75,4
2019-12-02,951571.0,10.1,47.25,4
2019-12-03,948444.0,11.95,56.25,4
2019-12-04,915504.0,14.15,54.25,4
2019-12-05,902348.0,16.175,72.25,4
2019-12-06,885323.0,17.05,63.0,4
2019-12-07,874989.0,13.0,65.5,4
2019-12-08,867030.0,15.475,75.0,4
2019-12-09,923029.0,20.075,76.0,4
2019-12-10,1025445.0,8.95,77.25,4
2019-12-11,1053668.0,7.2,69.75,4
2019-12-12,1015582.0,8.775,72.5,4
2019-12-13,939269.0,13.75,68.5,4
2019-12-14,890376.0,13.675,66.25,4
2019-12-15,889175.0,18.125,75.5,4
2019-12-16,1014775.0,13.05,78.5,4
2019-12-17,1106530.0,6.075,56.25,4
2019-12-18,1103023.0,5.775,50.25,4
2019-12-19,1085956.0,6.425,51.75,4
2019-12-20,1026674.0,9.375,74.5,4
2019-12-21,947897.0,10.275,75.75,4
2019-12-22,952520.0,8.45,76.5,4
2019-12-23,978438.0,9.825,69.75,4
2019-12-24,910383.0,11.95,64.0,4
2019-12-25,825150.0,14.15,77.0,4
2019-12-26,846770.0,16.025,85.25,4
2019-12-27,847660.0,17.35,82.25,4
2019-12-28,839863.0,18.475,88.0,4
2019-12-29,862571.0,13.575,63.0,4
2019-12-30,969953.0,8.95,50.75,4
2019-12-31,974567.0,8.45,50.25,4
2020-01-01,920543.0,11.2,59.25,4
2020-01-02,900274.0,13.85,86.5,4
2020-01-03,907769.0,12.975,66.0,4
2020-01-04,913222.0,11.425,51.0,4
2020-01-05,875897.0,13.35,52.0,4
2020-01-06,920798.0,13.625,64.0,4
2020-01-07,935078.0,12.0,40.0,4
2020-01-08,977567.0,11.2,56.25,4
2020-01-09,895302.0,19.475,78.75,4
2020-01-10,896046.0,21.15,84.0,4
2020-01-11,946703.0,10.2,66.5,4
2020-01-12,977393.0,7.824999999999999,77.75,4
2020-01-13,949603.0,13.05,91.25,4
2020-01-14,907801.0,19.375,89.25,4
2020-01-15,917341.0,22.1,87.25,4
2020-01-16,934718.0,17.625,91.0,4
2020-01-17,927873.0,16.05,91.25,4
2020-01-18,861844.0,17.3,76.0,4
2020-01-19,925918.0,9.25,43.25,4
2020-01-20,984133.0,8.9,47.75,4
2020-01-21,1011054.0,9.3,58.0,4
2020-01-22,1024686.0,10.175,89.25,4
2020-01-23,938062.0,13.25,79.25,4
2020-01-24,953750.0,11.2,61.25,4
2020-01-25,909330.0,12.325,72.5,4
2020-01-26,833724.0,16.825,78.0,4
2020-01-27,901177.0,13.35,81.5,4
2020-01-28,924995.0,14.3,80.75,4
2020-01-29,1005676.0,9.875,65.75,4
2020-01-30,1025418.0,8.35,80.25,4
2020-01-31,965915.0,10.25,70.25,4
2020-02-01,920490.0,11.1,56.5,4
2020-02-02,858898.0,14.85,45.0,4
2020-02-03,869382.0,17.575,74.0,4
2020-02-04,929128.0,18.525,81.5,4
2020-02-05,1114736.0,6.275,79.0,4
2020-02-06,1137356.0,4.9,59.5,4
2020-02-07,1013395.0,10.55,51.25,4
2020-02-08,901981.0,13.475,64.0,4
2020-02-09,853694.0,19.299999999999997,87.25,4
2020-02-10,964162.0,16.425,87.75,4
2020-02-11,1049237.0,8.75,88.25,4
2020-02-12,1027969.0,9.925,87.5,4
2020-02-13,1054697.0,8.375,70.25,4
2020-02-14,1069080.0,6.725,67.25,4
2020-02-15,938194.0,11.3,74.5,4
2020-02-16,838937.0,16.725,80.0,4
2020-02-17,888782.0,20.225,84.0,4
2020-02-18,916935.0,18.05,83.0,4
2020-02-19,975465.0,10.65,85.0,4
2020-02-20,1051141.0,8.600000000000001,81.0,4
2020-02-21,1060388.0,7.275,59.0,4
2020-02-22,947172.0,10.15,60.75,4
2020-02-23,880990.0,15.05,79.0,4
2020-02-24,881501.0,17.625,70.75,4
2020-02-25,929108.0,13.275,60.5,4
2020-02-26,1037623.0,8.75,44.0,4
2020-02-27,1048533.0,7.225,49.5,4
2020-02-28,948284.0,11.9,44.0,4
2020-02-29,867406.0,15.125,49.0,4
2020-03-01,824008.0,18.55,73.0,4
2020-03-02,880532.0,19.975,83.5,4
2020-03-03,896964.0,20.325,84.0,4
2020-03-04,906003.0,17.6,84.0,4
2020-03-05,889202.0,15.625,59.75,4
2020-03-06,878594.0,14.7,41.75,4
2020-03-07,870892.0,12.675,52.5,4
2020-03-08,819748.0,15.8,72.0,4
2020-03-09,871747.0,19.125,84.25,4
2020-03-10,900765.0,20.5,82.25,4
2020-03-11,940451.0,22.625,75.25,4
2020-03-12,959133.0,23.475,74.5,4
2020-03-13,933500.0,22.375,79.5,4
2020-03-14,904855.0,22.2,81.5,4
2020-03-15,880821.0,18.625,87.75,4
2020-03-16,898001.0,18.9,87.25,4
2020-03-17,933541.0,21.9,82.75,4
2020-03-18,955789.0,23.425,80.0,4
2020-03-19,984486.0,23.725,79.0,4
2020-03-20,916995.0,17.05,85.5,4
2020-03-21,872395.0,11.725000000000001,81.0,4
2020-03-22,842459.0,16.25,93.0,4
2020-03-23,917700.0,21.5,85.25,4
2020-03-24,968971.0,24.25,69.5,4
2020-03-25,988467.0,23.0,73.5,4
2020-03-26,1019357.0,24.25,76.5,4
2020-03-27,1021523.0,25.0,76.5,4
2020-03-28,913661.0,22.3,65.75,4
2020-03-29,817705.0,18.175,53.25,4
2020-03-30,895299.0,19.575,77.25,4
2020-03-31,886864.0,18.725,70.25,4
2020-04-01,858948.0,17.3,67.5,4
2020-04-02,870801.0,19.05,81.75,4
2020-04-03,898306.0,18.675,89.25,4
2020-04-04,877850.0,11.125,92.25,4
2020-04-05,817495.0,15.55,85.75,4
2020-04-06,863256.0,20.2,88.25,4
2020-04-07,977566.0,24.825,81.5,4
2020-04-08,1042383.0,26.725,76.25,4
2020-04-09,973285.0,24.05,76.75,4
2020-04-10,852187.0,19.85,67.0,4
2020-04-11,835969.0,20.1,79.5,4
2020-04-12,907665.0,24.05,64.75,4
2020-04-13,831415.0,13.4,55.25,4
2020-04-14,843461.0,12.75,60.0,4
2020-04-15,840158.0,13.175,59.5,4
2020-04-16,844447.0,17.0,61.75,4
2020-04-17,860351.0,18.725,79.25,4
2020-04-18,826621.0,15.925,81.0,4
2020-04-19,858592.0,22.425,78.25,4
2020-04-20,897703.0,21.45,70.5,4
2020-04-21,948872.0,23.3,75.25,4
2020-04-22,961233.0,24.325,81.5,4
2020-04-23,966548.0,24.15,60.0,4
2020-04-24,975563.0,24.525,58.0,4
2020-04-25,851879.0,21.375,52.0,4
2020-04-26,853848.0,21.3,54.0,4
2020-04-27,935339.0,23.075,64.0,4
2020-04-28,1029702.0,25.975,73.75,4
2020-04-29,923138.0,23.025,59.5,4
2020-04-30,901495.0,20.95,50.5,4
2020-05-01,945844.0,23.0,54.5,4
2020-05-02,987975.0,25.025,68.5,4
2020-05-03,1031171.0,26.375,68.75,4
2020-05-04,1120339.0,27.1,68.0,4
2020-05-05,1044256.0,25.5,67.75,4
2020-05-06,942490.0,23.175,49.0,4
2020-05-07,966861.0,22.925,62.5,4
2020-05-08,976829.0,24.275,65.0,4
2020-05-09,812739.0,19.6,54.75,4
2020-05-10,830556.0,20.4,52.5,4
2020-05-11,929024.0,22.150000000000002,58.0,4
2020-05-12,944481.0,22.475,80.25,4
2020-05-13,1002249.0,24.7,77.0,4
2020-05-14,1088412.0,26.450000000000003,73.25,4
2020-05-15,1051441.0,25.6,78.75,4
2020-05-16,867541.0,22.05,82.25,4
2020-05-17,922086.0,24.425,67.0,4
2020-05-18,1077038.0,26.2,65.5,4
2020-05-19,1167910.0,27.85,68.0,4
2020-05-20,1138352.0,27.225,73.5,4
2020-05-21,1122557.0,26.875,76.5,4
2020-05-22,1184436.0,28.25,76.0,4
2020-05-23,1130485.0,27.95,73.5,4
2020-05-24,1032570.0,25.675,80.5,4
2020-05-25,895463.0,22.2,83.75,4
2020-05-26,953669.0,23.475,73.5,4
2020-05-27,991174.0,24.05,70.75,4
2020-05-28,1016352.0,24.375,77.75,4
2020-05-29,1031590.0,25.7,68.25,4
2020-05-30,995760.0,25.575,60.5,4
2020-05-31,966173.0,25.125,73.25,4
2020-06-01,1023899.0,25.0,79.5,4
2020-06-02,1110233.0,26.325,77.25,4
2020-06-03,1159014.0,27.225,76.75,4
2020-06-04,1222962.0,28.3,74.25,4
2020-06-05,1240213.0,28.875,70.5,4
2020-06-06,1223817.0,29.5,66.75,4
2020-06-07,1214415.0,29.45,65.25,4
2020-06-08,1298190.0,30.575,60.75,4
2020-06-09,1318932.0,30.75,59.75,4
2020-06-10,1118188.0,27.475,36.75,4
2020-06-11,1115754.0,26.75,43.25,4
2020-06-12,1112831.0,26.45,47.25,4
2020-06-13,1106045.0,27.35,48.0,4
2020-06-14,1113058.0,27.25,53.75,4
2020-06-15,1219883.0,28.025,64.25,4
2020-06-16,1231745.0,28.375,64.0,4
2020-06-17,1224844.0,28.174999999999997,59.75,4
2020-06-18,1225533.0,28.125,64.75,4
2020-06-19,1211442.0,28.6,67.0,4
2020-06-20,1120680.0,27.625,72.75,4
2020-06-21,1125769.0,28.2,73.25,4
2020-06-22,1167808.0,28.0,74.75,4
2020-06-23,1106601.0,26.475,78.5,4
2020-06-24,1123970.0,26.825,72.25,4
2020-06-25,1154901.0,27.225,77.0,4
2020-06-26,1143069.0,26.725,82.5,4
2020-06-27,1182018.0,28.65,75.75,4
2020-06-28,1173675.0,28.575,76.25,4
2020-06-29,1278404.0,29.400000000000002,73.0,4
2020-06-30,1306987.0,29.8,72.75,4
2020-07-01,1327597.0,30.175,71.75,4
2020-07-02,1320490.0,29.975,72.0,4
2020-07-03,1273510.0,29.625,68.0,4
2020-07-04,1239983.0,29.9,63.75,4
2020-07-05,1230153.0,30.200000000000003,65.5,4
2020-07-06,1246951.0,29.475,71.5,4
2020-07-07,1255083.0,29.25,73.25,4
2020-07-08,1323585.0,30.4,70.0,4
2020-07-09,1369259.0,30.875,68.25,4
2020-07-10,1367486.0,30.85,67.75,4
2020-07-11,1355807.0,31.4,64.5,4
2020-07-12,1321827.0,31.325,61.5,4
2020-07-13,1427935.0,32.425000000000004,59.5,4
2020-07-14,1404209.0,31.45,58.75,4
2020-07-15,1382571.0,30.95,62.25,4
2020-07-16,1393791.0,30.9,62.5,4
2020-07-17,1349860.0,30.075,66.75,4
2020-07-18,1260282.0,29.25,66.75,4
2020-07-19,1265144.0,29.875,64.25,4
2020-07-20,1307477.0,29.75,67.5,4
2020-07-21,1262833.0,28.8,73.5,4
2020-07-22,1300808.0,29.375,74.0,4
2020-07-23,1349777.0,30.55,67.25,4
2020-07-24,1338956.0,30.575,66.25,4
2020-07-25,1182354.0,28.025,76.5,4
2020-07-26,1143458.0,27.8,79.25,4
2020-07-27,1232696.0,28.35,77.5,4
2020-07-28,1182731.0,27.8,80.0,4
2020-07-29,1197960.0,27.825,77.0,4
2020-07-30,1315341.0,30.0,69.25,4
2020-07-31,1263601.0,29.424999999999997,69.25,4
2020-08-01,1143593.0,28.4,66.75,4
2020-08-02,1172679.0,28.9,63.0,4
2020-08-03,1243239.0,29.275,61.25,4
2020-08-04,1273556.0,29.825,59.5,4
2020-08-05,1284604.0,29.975,60.0,4
2020-08-06,1333936.0,30.3,63.25,4
2020-08-07,1359566.0,30.75,62.5,4
2020-08-08,1311306.0,30.65,63.25,4
2020-08-09,1311377.0,30.875,63.5,4
2020-08-10,1386411.0,31.05,62.75,4
2020-08-11,1415926.0,31.45,63.0,4
2020-08-12,1438402.0,31.775,61.0,4
2020-08-13,1440530.0,31.9,56.75,4
2020-08-14,1432727.0,32.199999999999996,55.5,4
2020-08-15,1400223.0,32.525,54.25,4
2020-08-16,1368026.0,32.175,56.25,4
2020-08-17,1275034.0,29.3,59.0,4
2020-08-18,1301064.0,30.375,53.75,4
2020-08-19,1264695.0,29.625,47.5,4
2020-08-20,1252626.0,28.95,48.0,4
2020-08-21,1264774.0,29.2,57.0,4
2020-08-22,1189395.0,28.174999999999997,59.5,4
2020-08-23,1204570.0,28.775,59.5,4
2020-08-24,1276345.0,29.45,56.5,4
2020-08-25,1298423.0,30.075,55.5,4
2020-08-26,1282293.0,29.525,67.25,4
2020-08-27,1291027.0,30.025,65.0,4
2020-08-28,1405775.0,32.125,61.25,4
2020-08-29,1380025.0,32.025,61.75,4
2020-08-30,1322403.0,31.1,63.25,4
2020-08-31,1432584.0,31.85,66.25,4
2020-09-01,1364114.0,30.875,70.25,4
2020-09-02,1240821.0,28.15,75.25,4
2020-09-03,1222280.0,27.9,75.25,4
2020-09-04,1179079.0,26.025,83.25,4
2020-09-05,1117048.0,26.85,79.25,4
2020-09-06,1139103.0,27.425,76.75,4
2020-09-07,1198254.0,28.225,72.5,4
2020-09-08,1210057.0,27.225,78.5,4
2020-09-09,1142700.0,25.75,86.75,4
2020-09-10,978750.0,19.725,85.75,4
2020-09-11,1011644.0,23.025,79.5,4
2020-09-12,1094951.0,26.5,76.0,4
2020-09-13,1129292.0,27.55,73.75,4
2020-09-14,1171833.0,27.5,68.75,4
2020-09-15,1199234.0,27.9,70.0,4
2020-09-16,1192995.0,27.8,69.0,4
2020-09-17,1153419.0,26.55,74.0,4
2020-09-18,1103029.0,25.75,66.0,4
2020-09-19,996927.0,23.925,63.25,4
2020-09-20,927029.0,22.35,65.0,4
2020-09-21,960405.0,22.025,83.5,4
2020-09-22,971783.0,22.55,90.75,4
2020-09-23,976673.0,22.675,82.75,4
2020-09-24,974257.0,22.125,76.75,4
2020-09-25,1027853.0,22.6,77.25,4
2020-09-26,1053121.0,24.7,76.25,4
2020-09-27,1140779.0,27.45,75.75,4
2020-09-28,990358.0,22.775,57.25,4
2020-09-29,913777.0,20.0,41.25,4
2020-09-30,954309.0,20.825,45.5,4
2020-10-01,970145.0,21.65,52.5,4
2020-10-02,940793.0,20.625,50.5,4
2020-10-03,928413.0,21.1,59.75,4
2020-10-04,941868.0,22.25,65.0,4
2020-10-05,998434.0,22.1,61.5,4
2020-10-06,1040390.0,23.075,68.25,4
2020-10-07,1061390.0,23.775,63.0,4
2020-10-08,1078534.0,24.225,67.25,4
2020-10-09,1101331.0,25.3,77.75,4
2020-10-10,1072202.0,25.325,71.0,4
2020-10-11,1142126.0,27.3,64.75,4
2020-10-12,1126686.0,25.85,59.25,4
2020-10-13,1039959.0,22.85,50.5,4
2020-10-14,1101028.0,24.45,62.5,4
2020-10-15,1085113.0,25.0,68.0,4
2020-10-16,893534.0,18.3,53.75,4
2020-10-17,889485.0,19.675,67.5,4
2020-10-18,1029804.0,25.775,72.5,4
2020-10-19,1048670.0,24.225,75.0,4
2020-10-20,1100162.0,25.625,73.75,4
2020-10-21,1108910.0,25.450000000000003,74.5,4
2020-10-22,1110335.0,25.525,77.5,4
2020-10-23,1007349.0,21.45,78.25,4
2020-10-24,821567.0,14.725,62.25,4
2020-10-25,871932.0,19.0,76.5,4
2020-10-26,990790.0,18.125,86.25,4
2020-10-27,1012301.0,9.175,89.5,4
2020-10-28,988962.0,9.375,81.0,4
2020-10-29,953737.0,11.4,62.0,4
2020-10-30,903376.0,12.9,59.75,4
2020-10-31,850726.0,14.3,63.75,4
2020-11-01,856346.0,16.825,59.0,4
2020-11-02,874353.0,14.725,48.5,4
2020-11-03,888240.0,15.2,50.0,4
2020-11-04,891622.0,17.225,63.25,4
2020-11-05,899264.0,19.475,73.5,4
2020-11-06,892192.0,19.4,74.25,4
2020-11-07,879307.0,19.175,70.0,4
2020-11-08,893802.0,20.575,78.25,4
2020-11-09,991215.0,22.675,77.25,4
2020-11-10,974672.0,21.625,72.5,4
2020-11-11,946713.0,19.55,57.0,4
2020-11-12,946284.0,20.5,63.0,4
2020-11-13,942206.0,21.275,76.25,4
2020-11-14,970860.0,24.3,74.5,4
2020-11-15,854831.0,18.775,40.0,4
2020-11-16,891037.0,13.975,37.5,4
2020-11-17,895141.0,14.3,43.5,4
2020-11-18,904212.0,15.75,51.25,4
2020-11-19,915377.0,18.8,69.0,4
2020-11-20,921012.0,20.475,75.25,4
2020-11-21,885203.0,20.75,77.75,4
2020-11-22,871566.0,19.275,75.25,4
2020-11-23,898347.0,15.5,72.25,4
2020-11-24,940307.0,20.400000000000002,80.5,4
2020-11-25,911921.0,17.475,54.0,4
2020-11-26,878123.0,15.875,68.5,4
2020-11-27,875739.0,19.025,83.25,4
2020-11-28,863805.0,14.55,86.5,4
2020-11-29,892481.0,11.475,76.25,4
2020-11-30,1033139.0,7.675,48.5,4
2020-12-01,1071142.0,7.225,57.5,4
2020-12-02,984044.0,12.475000000000001,69.75,4
2020-12-03,1053061.0,8.1,60.5,4
2020-12-04,1034577.0,7.625,63.75,4
2020-12-05,999694.0,8.3,69.0,4
2020-12-06,919505.0,11.05,63.25,4
2020-12-07,978176.0,11.299999999999999,54.0,4
2020-12-08,958788.0,12.5,56.0,4
2020-12-09,943832.0,14.075000000000001,50.75,4
2020-12-10,923738.0,15.525,59.75,4
2020-12-11,892347.0,17.925,85.75,4
2020-12-12,895374.0,12.85,72.75,4
2020-12-13,979319.0,12.025,77.75,4
2020-12-14,1089598.0,6.325,66.25,4
2020-12-15,1098370.0,7.75,79.0,4
2020-12-16,1104609.0,6.775,62.0,4
2020-12-17,1101986.0,6.6,63.25,4
2020-12-18,1018628.0,10.75,77.75,4
2020-12-19,885011.0,15.325000000000001,82.25,4
2020-12-20,921303.0,10.9,66.75,4
2020-12-21,959429.0,11.45,63.75,4
2020-12-22,936863.0,14.275,73.75,4
2020-12-23,922279.0,18.400000000000002,68.25,4
2020-12-24,1027035.0,7.449999999999999,32.25,4
2020-12-25,949522.0,9.525,36.25,4
2020-12-26,917740.0,11.575,50.0,4
2020-12-27,856184.0,15.575,67.25,4
2020-12-28,902850.0,16.225,73.75,4
2020-12-29,886870.0,18.65,78.25,4
2020-12-30,945315.0,16.325,86.25,4
2020-12-31,1084632.0,7.3,91.25,4
2021-01-01,1064451.0,6.225,72.5,4
2021-01-02,995145.0,7.95,61.25,4
2021-01-03,950374.0,10.375,58.25,4
2021-01-04,950212.0,12.8,64.5,4
2021-01-05,943483.0,13.125,69.75,4
2021-01-06,929701.0,15.649999999999999,77.0,4
2021-01-07,998989.0,10.475,56.25,4
2021-01-08,1048427.0,7.550000000000001,68.25,4
2021-01-09,1065485.0,5.95,69.5,4
2021-01-10,1149582.0,3.975,83.25,4
2021-01-11,1205010.0,4.275,74.0,4
2021-01-12,1178953.0,4.525,72.0,4
2021-01-13,1090241.0,7.875,65.5,4
2021-01-14,1015102.0,11.55,53.5,4
2021-01-15,1056240.0,9.65,31.5,4
2021-01-16,1012353.0,8.5,37.75,4
2021-01-17,947522.0,10.625,47.5,4
2021-01-18,974553.0,12.575,69.25,4
2021-01-19,932955.0,16.4,76.5,4
2021-01-20,982232.0,11.35,81.25,4
2021-01-21,944233.0,14.225,92.5,4
2021-01-22,923126.0,15.925,85.25,4
2021-01-23,896143.0,14.025,90.25,4
2021-01-24,881052.0,17.675,93.75,4
2021-01-25,912131.0,19.675,66.25,4
2021-01-26,938643.0,14.325,52.0,4
2021-01-27,966611.0,12.475,47.75,4
2021-01-28,1052034.0,7.35,60.75,4
2021-01-29,991209.0,10.95,71.75,4
2021-01-30,876247.0,18.125,70.75,4
2021-01-31,886981.0,14.3,47.0,4
2021-02-01,980327.0,10.55,48.5,4
2021-02-02,968315.0,10.925,49.75,4
2021-02-03,934214.0,14.125,69.0,4
2021-02-04,898826.0,18.55,66.75,4
2021-02-05,952070.0,10.975,53.25,4
2021-02-06,923868.0,12.85,66.0,4
2021-02-07,933333.0,10.799999999999999,65.0,4
2021-02-08,935826.0,14.75,83.0,4
2021-02-09,1042562.0,13.275,87.0,4
2021-02-10,1161712.0,8.049999999999999,90.75,4
2021-02-11,1336242.0,1.6500000000000001,91.0,4
2021-02-12,1433700.0,0.22499999999999998,81.0,4
2021-02-13,1407840.0,-0.7,77.75,4
2021-02-14,1498333.0,-3.125,81.5,4
2021-02-15,1181653.0,-9.0,70.75,4
2021-02-16,1080221.0,-8.475,66.0,4
2021-02-17,1089205.0,-1.15,89.0,4
2021-02-18,1244418.0,-0.95,78.5,4
2021-02-19,1175077.0,-0.3249999999999999,66.75,4
2021-02-20,1019119.0,5.5,68.25,4
2021-02-21,823883.0,13.7,71.5,4
2021-02-22,835073.0,14.65,51.5,4
2021-02-23,837349.0,16.175,59.25,4
2021-02-24,820942.0,19.8,73.5,4
2021-02-25,881920.0,15.175,77.25,4
2021-02-26,896903.0,14.725,86.0,4
2021-02-27,849560.0,19.4,86.75,4
2021-02-28,839753.0,21.75,85.25,4
2021-03-01,907345.0,13.05,74.5,4
2021-03-02,901111.0,12.2,57.5,4
2021-03-03,900715.0,12.325,57.0,4
2021-03-04,867319.0,15.05,64.75,4
2021-03-05,849899.0,17.525,67.75,4
2021-03-06,811984.0,14.65,56.75,4
2021-03-07,829668.0,13.0,48.0,4
2021-03-08,876887.0,14.55,60.0,4
2021-03-09,862028.0,18.549999999999997,70.75,4
2021-03-10,881112.0,20.9,72.5,4
2021-03-11,899432.0,22.5,73.75,4
2021-03-12,922459.0,22.825,76.5,4
2021-03-13,876350.0,22.125,76.75,4
2021-03-14,787264.0,18.325,66.0,4
2021-03-15,873141.0,18.9,59.0,4
2021-03-16,913557.0,21.924999999999997,79.5,4
2021-03-17,895047.0,20.425,55.0,4
2021-03-18,877694.0,14.125,42.5,4
2021-03-19,874549.0,13.25,50.5,4
2021-03-20,842524.0,13.275,57.5,4
2021-03-21,838098.0,14.55,62.75,4
2021-03-22,884635.0,17.325,76.75,4
2021-03-23,902957.0,19.174999999999997,58.75,4
2021-03-24,890483.0,18.15,76.25,4
2021-03-25,884447.0,19.125,63.5,4
2021-03-26,905603.0,19.175,55.25,4
2021-03-27,925107.0,23.25,73.75,4
2021-03-28,828923.0,18.625,49.25,4
2021-03-29,881348.0,16.375,50.75,4
2021-03-30,928176.0,21.375,74.0,4
2021-03-31,903598.0,19.2,57.75,4
2021-04-01,866811.0,15.075,34.25,4
2021-04-02,853061.0,14.725,43.5,4
2021-04-03,819619.0,15.6,66.5,4
2021-04-04,811856.0,17.95,69.75,4
2021-04-05,910756.0,19.8,71.25,4
2021-04-06,980171.0,23.35,70.25,4
2021-04-07,984575.0,23.675,61.0,4
2021-04-08,985884.0,22.45,58.0,4
2021-04-09,1047260.0,24.875,70.5,4
2021-04-10,911524.0,21.349999999999998,45.75,4
2021-04-11,913835.0,20.925,40.0,4
2021-04-12,1015698.0,23.15,64.75,4
2021-04-13,1011578.0,23.475,71.0,4
2021-04-14,988871.0,22.325,75.5,4
2021-04-15,923013.0,18.475,87.0,4
2021-04-16,922586.0,18.225,91.25,4
2021-04-17,849385.0,14.85,65.75,4
2021-04-18,825050.0,14.8,56.25,4
2021-04-19,878667.0,16.675,52.75,4
2021-04-20,906587.0,17.65,54.25,4
2021-04-21,900696.0,13.2,43.0,4
2021-04-22,892603.0,15.625,58.25,4
2021-04-23,930304.0,20.775,88.0,4
2021-04-24,928058.0,22.5,62.75,4
2021-04-25,933631.0,21.6,63.5,4
2021-04-26,1014930.0,22.975,69.5,4
2021-04-27,1026380.0,23.7,81.5,4
2021-04-28,1083131.0,25.825,76.5,4
2021-04-29,1021174.0,22.825,87.75,4
2021-04-30,933355.0,20.625,89.25,4
2021-05-01,887592.0,20.6,89.75,4
2021-05-02,985354.0,23.6,73.0,4
2021-05-03,1155651.0,26.625,76.75,4
2021-05-04,1045347.0,23.9,70.75,4
2021-05-05,966816.0,20.7,59.0,4
2021-05-06,1003413.0,22.3,60.0,4
2021-05-07,1035876.0,23.05,60.75,4
2021-05-08,1063993.0,24.875,71.0,4
2021-05-09,1100450.0,26.525,73.5,4
2021-05-10,1073392.0,23.525,80.5,4
2021-05-11,1028195.0,20.9,86.75,4
2021-05-12,910256.0,18.325,80.75,4
2021-05-13,927949.0,19.875,69.25,4
2021-05-14,983033.0,21.75,66.25,4
2021-05-15,965826.0,22.75,75.25,4
2021-05-16,948405.0,23.075,85.25,4
2021-05-17,1043832.0,23.925,83.25,4
2021-05-18,986110.0,22.425,83.0,4
2021-05-19,947678.0,20.825,83.75,4
2021-05-20,1004637.0,22.925,78.0,4
2021-05-21,1070867.0,24.525,79.0,4
2021-05-22,1007406.0,24.075,87.25,4
2021-05-23,966112.0,23.3,87.25,4
2021-05-24,1032317.0,23.8,86.75,4
2021-05-25,1085321.0,25.25,83.5,4
2021-05-26,1191577.0,26.775,77.5,4
2021-05-27,1212276.0,27.2,75.5,4
2021-05-28,1113218.0,25.025,82.5,4
2021-05-29,1028643.0,24.425,73.5,4
2021-05-30,1005535.0,23.75,78.75,4
2021-05-31,1018115.0,24.2,81.0,4
2021-06-01,1031475.0,23.575,81.5,4
2021-06-02,1074462.0,24.35,76.25,4
2021-06-03,1022862.0,22.45,83.75,4
2021-06-04,1022013.0,23.225,83.25,4
2021-06-05,1049314.0,24.3,81.75,4
2021-06-06,1111492.0,26.25,78.5,4
2021-06-07,1191506.0,27.35,80.5,4
2021-06-08,1259951.0,28.2,78.25,4
2021-06-09,1306090.0,28.924999999999997,76.75,4
2021-06-10,1318631.0,28.625,74.75,4
2021-06-11,1326590.0,28.775,73.5,4
2021-06-12,1272408.0,28.75,74.0,4
2021-06-13,1312310.0,29.8,70.5,4
2021-06-14,1366841.0,29.85,67.75,4
2021-06-15,1328392.0,29.15,68.75,4
2021-06-16,1316124.0,28.875,65.0,4
2021-06-17,1343117.0,29.475,64.25,4
2021-06-18,1318930.0,28.725,65.5,4
2021-06-19,1273104.0,28.375,62.0,4
2021-06-20,1292526.0,29.1,71.5,4
2021-06-21,1333125.0,28.95,76.75,4
2021-06-22,1230865.0,26.85,77.25,4
2021-06-23,1339546.0,29.0,75.25,4
2021-06-24,1393364.0,29.85,72.25,4
2021-06-25,1390615.0,29.725,70.25,4
2021-06-26,1318439.0,29.575000000000003,68.25,4
2021-06-27,1219770.0,27.3,77.75,4
2021-06-28,1154264.0,25.675,84.75,4
2021-06-29,1171463.0,26.2,83.0,4
2021-06-30,1241565.0,27.45,79.0,4
2021-07-01,1306326.0,28.525,74.25,4
2021-07-02,1267726.0,28.25,76.0,4
2021-07-03,1151167.0,27.049999999999997,79.0,4
2021-07-04,1134954.0,26.575,81.0,4
2021-07-05,1171574.0,26.35,83.75,4
2021-07-06,1203701.0,26.099999999999998,84.5,4
2021-07-07,1215268.0,26.2,81.75,4
2021-07-08,1236757.0,26.425,81.5,4
2021-07-09,1155521.0,25.450000000000003,88.75,4
2021-07-10,1227205.0,27.825,81.75,4
2021-07-11,1220706.0,28.025,76.0,4
2021-07-12,1232837.0,27.075,78.25,4
2021-07-13,1232918.0,26.475,79.75,4
2021-07-14,1236409.0,26.575,79.5,4
2021-07-15,1281842.0,27.725,77.75,4
2021-07-16,1307042.0,28.55,74.5,4
2021-07-17,1297452.0,28.825,73.0,4
2021-07-18,1282728.0,28.875,73.0,4
2021-07-19,1280880.0,27.775,78.5,4
2021-07-20,1246355.0,27.05,77.5,4
2021-07-21,1238567.0,27.25,72.75,4
2021-07-22,1264296.0,26.875,79.0,4
2021-07-23,1340366.0,29.0,73.75,4
2021-07-24,1347280.0,29.375,71.5,4
2021-07-25,1332114.0,29.150000000000002,70.75,4
2021-07-26,1399283.0,29.5,69.0,4
2021-07-27,1402156.0,29.5,67.25,4
2021-07-28,1379557.0,29.3,69.0,4
2021-07-29,1391086.0,29.6,69.75,4
2021-07-30,1392949.0,29.674999999999997,70.5,4
2021-07-31,1378068.0,30.125,71.25,4
2021-08-01,1313576.0,29.35,72.75,4
2021-08-02,1260034.0,26.975,82.0,4
2021-08-03,1269867.0,27.8,75.5,4
2021-08-04,1278228.0,27.85,73.75,4
2021-08-05,1249514.0,26.6,79.5,4
2021-08-06,1281917.0,27.6,76.75,4
2021-08-07,1311572.0,28.75,74.25,4
2021-08-08,1346568.0,29.675,71.25,4
2021-08-09,1431547.0,30.0,69.75,4
2021-08-10,1427176.0,29.9,69.0,4
2021-08-11,1405178.0,29.525,71.25,4
2021-08-12,1411057.0,29.7,70.75,4
2021-08-13,1368396.0,29.125,72.5,4
2021-08-14,1261011.0,28.725,71.25,4
2021-08-15,1202379.0,27.275,76.5,4
2021-08-16,1281391.0,27.65,74.75,4
2021-08-17,1273383.0,27.9,76.75,4
2021-08-18,1249032.0,27.725,84.0,4
2021-08-19,1368780.0,29.85,73.5,4
2021-08-20,1388646.0,29.875,68.75,4
2021-08-21,1357405.0,29.875,68.75,4
2021-08-22,1354491.0,29.625,68.5,4
2021-08-23,1396947.0,29.475,66.25,4
2021-08-24,1416272.0,29.925,66.25,4
2021-08-25,1419698.0,29.925,66.75,4
2021-08-26,1398122.0,30.0,65.75,4
2021-08-27,1329040.0,27.95,75.25,4
2021-08-28,1273090.0,27.75,76.25,4
2021-08-29,1264129.0,28.375,74.5,4
2021-08-30,1366379.0,29.35,68.5,4
2021-08-31,1411183.0,30.45,64.5,4
2021-09-01,1430195.0,30.3,69.5,4
2021-09-02,1410343.0,29.85,70.5,4
2021-09-03,1382301.0,29.475,71.0,4
2021-09-04,1351646.0,29.9,66.25,4
2021-09-05,1307243.0,30.05,62.75,4
2021-09-06,1298304.0,28.8,67.25,4
2021-09-07,1295794.0,27.975,62.5,4
2021-09-08,1268426.0,28.05,57.75,4
2021-09-09,1245803.0,27.6,49.75,4
2021-09-10,1222772.0,26.75,47.25,4
2021-09-11,1151509.0,25.85,55.25,4
2021-09-12,1164646.0,26.5,66.25,4
2021-09-13,1174281.0,25.95,74.5,4
2021-09-14,1111736.0,25.275,72.5,4
2021-09-15,1149755.0,25.95,70.25,4
2021-09-16,1185467.0,26.474999999999998,67.75,4
2021-09-17,1258700.0,27.6,68.0,4
2021-09-18,1236648.0,28.4,65.5,4
2021-09-19,1248000.0,28.4,65.5,4
2021-09-20,1369247.0,29.95,63.0,4
2021-09-21,1307046.0,28.775,65.0,4
2021-09-22,1065007.0,23.825,39.5,4
2021-09-23,1024229.0,21.5,44.0,4
2021-09-24,1040896.0,22.25,52.0,4
2021-09-25,1043469.0,23.325,56.0,4
2021-09-26,1066151.0,23.75,55.75,4
2021-09-27,1165394.0,25.3,64.25,4
2021-09-28,1210964.0,27.049999999999997,70.5,4
2021-09-29,1175412.0,25.325,76.25,4
2021-09-30,1195101.0,26.275,78.0,4
2021-10-01,1080501.0,23.9,85.75,4
2021-10-02,1085440.0,25.45,80.0,4
2021-10-03,1096948.0,25.875,71.0,4
2021-10-04,1115322.0,25.0,58.0,4
2021-10-05,1074388.0,23.825,52.25,4
2021-10-06,1075189.0,23.525,55.25,4
2021-10-07,1123532.0,24.6,60.75,4
2021-10-08,1159748.0,25.3,61.75,4
2021-10-09,1125863.0,24.975,65.0,4
2021-10-10,1170334.0,26.875,74.5,4
2021-10-11,1098931.0,23.65,63.0,4
2021-10-12,1171082.0,25.8,78.5,4
2021-10-13,1196483.0,26.6,79.25,4
2021-10-14,1102911.0,24.55,85.0,4
2021-10-15,1100517.0,24.725,76.5,4
2021-10-16,870679.0,18.0,50.5,4
2021-10-17,844351.0,16.1,58.5,4
2021-10-18,926022.0,17.15,64.25,4
2021-10-19,990610.0,20.675,70.25,4
2021-10-20,1060751.0,23.049999999999997,80.25,4
2021-10-21,1071141.0,23.425,75.0,4
2021-10-22,1072817.0,22.95,73.25,4
2021-10-23,1072660.0,24.525,78.75,4
2021-10-24,1083505.0,24.8,79.25,4
2021-10-25,1154907.0,25.025,78.0,4
2021-10-26,1162813.0,25.475,80.75,4
2021-10-27,1024579.0,21.7,64.25,4
2021-10-28,911001.0,18.825,37.0,4
2021-10-29,890552.0,16.675,36.25,4
2021-10-30,865195.0,15.475,50.75,4
2021-10-31,885568.0,17.875,61.0,4
2021-11-01,939234.0,18.55,71.0,4
2021-11-02,948281.0,18.2,82.0,4
2021-11-03,950630.0,14.225,91.5,4
2021-11-04,927844.0,11.225,80.0,4
2021-11-05,923125.0,11.35,71.25,4
2021-11-06,883274.0,12.175,72.25,4
2021-11-07,909151.0,14.375,72.75,4
2021-11-08,926674.0,16.55,78.0,4
2021-11-09,924553.0,18.25,81.25,4
2021-11-10,959844.0,20.95,77.75,4
2021-11-11,931699.0,18.225,68.5,4
2021-11-12,934798.0,15.274999999999999,64.25,4
2021-11-13,898599.0,12.725,50.75,4
2021-11-14,887935.0,15.625,64.0,4
2021-11-15,955695.0,18.55,76.0,4
2021-11-16,987609.0,21.125,76.5,4
2021-11-17,1005862.0,21.475,73.75,4
2021-11-18,937827.0,15.475,48.25,4
2021-11-19,953942.0,12.05,46.0,4
2021-11-20,911694.0,15.75,73.25,4
2021-11-21,906473.0,20.025,78.5,4
2021-11-22,927045.0,14.725,51.25,4
2021-11-23,952604.0,13.2,56.5,4
2021-11-24,949323.0,18.9,75.5,4
2021-11-25,898306.0,15.95,67.5,4
2021-11-26,932304.0,9.925,53.25,4
2021-11-27,937613.0,10.175,78.0,4
2021-11-28,896887.0,12.875,78.5,4
2021-11-29,963361.0,12.575,68.0,4
2021-11-30,948475.0,14.8,70.75,4
2021-12-01,937394.0,16.8,79.0,4
2021-12-02,950944.0,17.55,81.75,4
2021-12-03,963935.0,20.225,86.5,4
2021-12-04,938902.0,20.775,85.25,4
2021-12-05,949862.0,21.425,82.0,4
2021-12-06,982626.0,17.65,65.5,4
2021-12-07,979168.0,12.0,57.25,4
2021-12-08,974978.0,14.775,75.75,4
2021-12-09,1000865.0,20.975,83.0,4
2021-12-10,1048540.0,24.025,80.5,4
2021-12-11,940785.0,13.875,47.75,4
2021-12-12,997142.0,8.5,55.0,4
2021-12-13,994733.0,13.4,66.75,4
2021-12-14,988781.0,19.975,88.5,4
2021-12-15,1030142.0,23.3,80.5,4
2021-12-16,1020453.0,22.775,79.5,4
2021-12-17,1010390.0,22.75,79.0,4
2021-12-18,958311.0,16.15,79.75,4
2021-12-19,1005285.0,8.4,59.0,4
2021-12-20,1021547.0,9.25,69.75,4
2021-12-21,1021543.0,9.625,74.0,4
2021-12-22,972073.0,13.3,74.5,4
2021-12-23,939148.0,17.025000000000002,80.0,4
2021-12-24,929715.0,20.025,78.5,4
2021-12-25,894630.0,20.975,80.0,4
2021-12-26,909315.0,20.35,84.75,4
2021-12-27,958612.0,21.225,80.75,4
2021-12-28,976188.0,21.475,77.25,4
2021-12-29,976062.0,20.925,81.75,4
2021-12-30,963261.0,19.175,71.5,4
2021-12-31,969807.0,21.475,83.0,4
2022-01-01,976857.0,21.125,78.75,4
2022-01-02,1157073.0,3.225,55.25,4
2022-01-03,1173505.0,4.05,53.5,4
2022-01-04,1081949.0,9.425,54.0,4
2022-01-05,995700.0,12.95,66.0,4
2022-01-06,1092671.0,9.475,60.75,4
2022-01-07,1202417.0,3.975,64.75,4
2022-01-08,1002589.0,13.275,91.5,4
2022-01-09,962709.0,15.05,75.75,4
2022-01-10,1078941.0,9.475,45.25,4
2022-01-11,1114342.0,7.75,50.0,4
2022-01-12,1031971.0,10.375,61.0,4
2022-01-13,1000292.0,12.275,55.75,4
2022-01-14,978542.0,14.2,53.0,4
2022-01-15,1106474.0,8.925,45.75,4
2022-01-16,1108782.0,6.425,46.25,4
2022-01-17,1073708.0,9.049999999999999,48.25,4
2022-01-18,996364.0,14.375,62.5,4
2022-01-19,981532.0,17.425,74.25,4
2022-01-20,1317106.0,3.6,51.0,4
2022-01-21,1309038.0,3.125,38.75,4
2022-01-22,1201495.0,4.525,45.5,4
2022-01-23,1055314.0,9.275,45.5,4
2022-01-24,1058841.0,10.075,78.25,4
2022-01-25,1050385.0,10.25,80.5,4
2022-01-26,1119864.0,8.15,62.25,4
2022-01-27,1068744.0,9.875,60.75,4
2022-01-28,1095907.0,9.4,50.75,4
2022-01-29,1059305.0,8.7,47.75,4
2022-01-30,978945.0,11.575,49.75,4
2022-01-31,968620.0,13.8,83.0,4
2022-02-01,941636.0,15.875,82.0,4
2022-02-02,1060153.0,12.05,90.0,4
2022-02-03,1443580.0,0.24999999999999994,84.0,4
2022-02-04,1500639.0,-1.175,70.0,4
2022-02-05,1295190.0,2.175,59.75,4
2022-02-06,1153729.0,5.725,61.0,4
2022-02-07,1092827.0,8.875,58.25,4
2022-02-08,1085501.0,9.125,52.25,4
2022-02-09,1028133.0,11.35,52.0,4
2022-02-10,995683.0,12.2,52.5,4
2022-02-11,970591.0,14.575,57.25,4
2022-02-12,1026156.0,10.125,61.0,4
2022-02-13,1083685.0,7.5,41.5,4
2022-02-14,1034900.0,10.825,45.0,4
2022-02-15,982866.0,14.375,65.75,4
2022-02-16,940895.0,19.325,79.0,4
2022-02-17,1022371.0,15.725,67.25,4
2022-02-18,1138783.0,6.375,52.75,4
2022-02-19,1025779.0,9.2,49.75,4
2022-02-20,947708.0,13.2,59.5,4
2022-02-21,968050.0,21.675,77.25,4
2022-02-22,1004376.0,20.2,71.5,4
2022-02-23,1280007.0,4.475,72.75,4
2022-02-24,1391977.0,1.0499999999999998,90.25,4
2022-02-25,1378072.0,2.325,70.25,4
2022-02-26,1273240.0,3.925,85.0,4
2022-02-27,1123862.0,7.875,64.0,4
2022-02-28,1094499.0,9.025,48.25,4
2022-03-01,1006577.0,12.2,43.25,4
2022-03-02,955489.0,14.625,51.0,4
2022-03-03,939913.0,17.3,62.0,4
2022-03-04,942264.0,19.325,75.5,4
2022-03-05,934090.0,21.95,73.5,4
2022-03-06,947500.0,22.55,78.25,4
2022-03-07,1028314.0,11.15,63.5,4
2022-03-08,1118149.0,7.5,67.25,4
2022-03-09,1080152.0,9.025,59.75,4
2022-03-10,1010717.0,12.4,63.25,4
2022-03-11,1150574.0,8.674999999999999,68.5,4
2022-03-12,1132603.0,6.075,40.75,4
2022-03-13,983216.0,10.25,46.5,4
2022-03-14,973608.0,17.45,68.5,4
2022-03-15,929648.0,17.425,46.75,4
2022-03-16,947647.0,17.35,54.25,4
2022-03-17,941863.0,18.375,73.75,4
2022-03-18,927671.0,16.95,46.25,4
2022-03-19,908855.0,15.725000000000001,39.75,4
2022-03-20,895478.0,17.175,46.0,4
2022-03-21,965943.0,20.55,78.25,4
2022-03-22,971615.0,15.925,59.25,4
2022-03-23,968166.0,13.75,36.25,4
2022-03-24,962598.0,14.35,34.75,4
2022-03-25,968527.0,17.675,35.5,4
2022-03-26,930681.0,20.75,41.75,4
2022-03-27,951879.0,21.975,45.0,4
2022-03-28,1012759.0,21.95,63.5,4
2022-03-29,1036472.0,23.3,70.25,4
2022-03-30,991166.0,21.1,57.25,4
2022-03-31,936886.0,16.475,46.0,4
2022-04-01,948280.0,18.25,47.25,4
2022-04-02,938932.0,21.425,57.75,4
2022-04-03,971337.0,21.625,59.25,4
2022-04-04,1000015.0,22.025,76.0,4
2022-04-05,1109597.0,25.825,68.0,4
2022-04-06,1016129.0,22.225,46.5,4
2022-04-07,920991.0,18.05,23.75,4
2022-04-08,914586.0,16.8,26.0,4
2022-04-09,940076.0,19.175,39.25,4
2022-04-10,974199.0,22.725,60.75,4
2022-04-11,1090706.0,24.35,72.25,4
2022-04-12,1115313.0,24.950000000000003,75.75,4
2022-04-13,1102907.0,25.425,63.0,4
2022-04-14,992239.0,20.45,42.0,4
2022-04-15,1018580.0,22.025,72.5,4
2022-04-16,1041984.0,24.575,78.0,4
2022-04-17,1004753.0,23.575,74.25,4
2022-04-18,1009902.0,20.925,63.75,4
2022-04-19,969539.0,18.775,66.25,4
2022-04-20,1088428.0,24.15,74.75,4
2022-04-21,1142581.0,24.975,76.75,4
2022-04-22,1139419.0,25.25,70.75,4
2022-04-23,1073882.0,24.8,68.5,4
2022-04-24,1059765.0,24.75,72.75,4
2022-04-25,1012490.0,20.375,83.75,4
2022-04-26,951744.0,18.9,68.75,4
2022-04-27,1006607.0,20.9,66.5,4
2022-04-28,1077936.0,23.475,71.5,4
2022-04-29,1125435.0,24.675,72.75,4
2022-04-30,1107751.0,25.225,72.75,4
2022-05-01,1094272.0,25.05,69.25,4
2022-05-02,1184539.0,25.7,74.5,4
2022-05-03,1126969.0,24.375,76.75,4
2022-05-04,1171277.0,25.875,74.75,4
2022-05-05,1157559.0,25.05,79.5,4
2022-05-06,1167189.0,24.75,71.75,4
2022-05-07,1243538.0,27.925,72.75,4
2022-05-08,1302927.0,28.85,69.5,4
2022-05-09,1378882.0,28.9,70.5,4
2022-05-10,1354559.0,28.425,70.75,4
2022-05-11,1313412.0,27.375,68.75,4
2022-05-12,1288070.0,26.775,67.0,4
2022-05-13,1264594.0,26.475,64.75,4
2022-05-14,1253333.0,27.35,63.5,4
2022-05-15,1276911.0,28.0,63.25,4
2022-05-16,1318250.0,28.0,61.75,4
2022-05-17,1342650.0,28.2,62.25,4
2022-05-18,1349152.0,28.675,60.75,4
2022-05-19,1362634.0,28.3,63.25,4
2022-05-20,1381543.0,28.825,67.5,4
2022-05-21,1319905.0,28.575,69.5,4
2022-05-22,1056561.0,22.65,69.25,4
2022-05-23,1109900.0,23.15,75.5,4
2022-05-24,1096341.0,23.775,80.0,4
2022-05-25,1036324.0,21.625,69.25,4
2022-05-26,1133690.0,24.75,56.5,4
2022-05-27,1243367.0,27.125,61.25,4
2022-05-28,1263925.0,28.025,61.5,4
2022-05-29,1288222.0,28.5,65.5,4
2022-05-30,1320637.0,28.75,65.5,4
2022-05-31,1400424.0,29.2,67.5,4
2022-06-01,1353265.0,28.3,72.75,4
2022-06-02,1254149.0,26.8,71.5,4
2022-06-03,1218681.0,26.474999999999998,68.0,4
2022-06-04,1200721.0,26.8,69.0,4
2022-06-05,1286134.0,28.299999999999997,66.75,4
2022-06-06,1403209.0,29.525,65.5,4
2022-06-07,1421546.0,29.675,65.5,4
2022-06-08,1389961.0,29.325,66.25,4
2022-06-09,1393694.0,29.3,68.25,4
2022-06-10,1428340.0,30.5,63.5,4
2022-06-11,1453940.0,31.525,59.0,4
2022-06-12,1463095.0,31.75,59.5,4
2022-06-13,1489917.0,31.0,60.5,4
2022-06-14,1460143.0,30.375,62.25,4
2022-06-15,1451659.0,30.425,63.25,4
2022-06-16,1467152.0,30.725,59.0,4
2022-06-17,1444845.0,30.1,58.75,4
2022-06-18,1397658.0,30.225,59.25,4
2022-06-19,1409802.0,30.775,58.25,4
2022-06-20,1475567.0,31.0,55.5,4
2022-06-21,1490561.0,31.3,56.75,4
2022-06-22,1469580.0,30.7,59.5,4
2022-06-23,1494123.0,31.575,51.75,4
2022-06-24,1503689.0,31.6,52.0,4
2022-06-25,1449488.0,31.175,52.5,4
2022-06-26,1430329.0,31.0,53.0,4
2022-06-27,1388956.0,29.55,57.75,4
2022-06-28,1309774.0,27.775,63.25,4
2022-06-29,1328644.0,28.65,54.5,4
2022-06-30,1360032.0,28.9,63.5,4
2022-07-01,1383447.0,29.175,67.25,4
2022-07-02,1397502.0,30.4,65.25,4
2022-07-03,1406643.0,30.625,63.25,4
2022-07-04,1427102.0,30.8,61.0,4
2022-07-05,1495568.0,31.175,59.75,4
2022-07-06,1503736.0,31.25,59.25,4
2022-07-07,1512275.0,31.475,58.0,4
2022-07-08,1530933.0,32.125,56.75,4
2022-07-09,1510282.0,32.725,53.0,4
2022-07-10,1502378.0,32.8,52.75,4
2022-07-11,1550400.0,32.85,53.75,4
2022-07-12,1537349.0,32.575,53.75,4
2022-07-13,1526044.0,32.55,54.25,4
2022-07-14,1432363.0,30.275,62.25,4
2022-07-15,1371268.0,29.05,65.25,4
2022-07-16,1410002.0,30.425,62.5,4
2022-07-17,1442068.0,31.75,51.25,4
2022-07-18,1528242.0,32.175,53.0,4
2022-07-19,1568441.0,32.5,55.0,4
2022-07-20,1575723.0,32.325,59.0,4
2022-07-21,1533850.0,31.7,60.75,4
2022-07-22,1463403.0,30.55,60.75,4
2022-07-23,1439262.0,30.675,62.0,4
2022-07-24,1466884.0,31.625,58.75,4
2022-07-25,1531595.0,31.625,57.25,4
2022-07-26,1525864.0,31.549999999999997,57.0,4
2022-07-27,1515069.0,31.3,57.75,4
2022-07-28,1503827.0,31.325000000000003,58.5,4
2022-07-29,1496698.0,31.25,60.25,4
2022-07-30,1452235.0,31.45,58.0,4
2022-07-31,1453110.0,31.674999999999997,54.75,4
2022-08-01,1494711.0,31.125,57.0,4
2022-08-02,1539217.0,32.15,54.75,4
2022-08-03,1552831.0,32.225,55.75,4
2022-08-04,1538230.0,31.875,56.75,4
2022-08-05,1481872.0,30.875,59.5,4
2022-08-06,1390769.0,29.7,64.25,4
2022-08-07,1416359.0,30.6,61.5,4
2022-08-08,1487219.0,30.8,61.0,4
2022-08-09,1458100.0,30.5,61.25,4
2022-08-10,1420972.0,30.025,63.75,4
2022-08-11,1409292.0,29.55,65.25,4
2022-08-12,1425951.0,30.05,63.5,4
2022-08-13,1397041.0,30.775,60.25,4
2022-08-14,1355935.0,29.475,65.25,4
2022-08-15,1434433.0,29.675,64.0,4
2022-08-16,1460287.0,30.65,62.0,4
2022-08-17,1490450.0,31.35,58.75,4
2022-08-18,1349087.0,28.775,71.0,4
2022-08-19,1279205.0,27.5,76.75,4
2022-08-20,1300120.0,28.875,72.5,4
2022-08-21,1274645.0,28.5,75.5,4
2022-08-22,1284840.0,28.0,79.5,4
2022-08-23,1259238.0,26.825,82.5,4
2022-08-24,1279127.0,27.475,78.75,4
2022-08-25,1314511.0,28.35,71.0,4
2022-08-26,1342311.0,28.7,71.0,4
2022-08-27,1343309.0,29.175,71.25,4
2022-08-28,1378963.0,29.9,68.75,4
2022-08-29,1370200.0,28.75,74.5,4
2022-08-30,1263090.0,26.475,86.0,4
2022-08-31,1274858.0,27.15,81.0,4
2022-09-01,1251644.0,27.375,78.75,4
2022-09-02,1243081.0,27.35,78.25,4
2022-09-03,1203413.0,26.925,81.0,4
2022-09-04,1127771.0,26.05,80.25,4
2022-09-05,1180687.0,26.575,73.5,4
2022-09-06,1279697.0,27.6,71.0,4
2022-09-07,1294429.0,27.825000000000003,72.25,4
2022-09-08,1276459.0,27.825,67.0,4
2022-09-09,1261631.0,27.275,65.5,4
2022-09-10,1231541.0,27.55,64.0,4
2022-09-11,1197276.0,27.425,61.5,4
2022-09-12,1227707.0,26.7,56.5,4
2022-09-13,1246856.0,27.025,58.75,4
2022-09-14,1233169.0,26.6,58.75,4
2022-09-15,1228391.0,26.225,61.0,4
2022-09-16,1297236.0,27.825,69.5,4
2022-09-17,1315569.0,28.675,71.5,4
2022-09-18,1320956.0,29.025,66.75,4
2022-09-19,1371182.0,28.875,68.0,4
2022-09-20,1383309.0,29.275,66.75,4
2022-09-21,1360446.0,28.95,60.25,4
2022-09-22,1337059.0,28.825,55.5,4
2022-09-23,1338604.0,29.225,54.0,4
2022-09-24,1300126.0,28.125,63.75,4
2022-09-25,1283635.0,28.525,62.5,4
2022-09-26,1230822.0,27.175,47.25,4
2022-09-27,1130864.0,24.325,37.75,4
2022-09-28,1135776.0,24.200000000000003,37.75,4
2022-09-29,1107700.0,23.875,41.75,4
2022-09-30,1067756.0,22.525,43.0,4
2022-10-01,1013452.0,21.7,45.25,4
2022-10-02,1004048.0,21.575,47.0,4
2022-10-03,1061488.0,22.3,43.5,4
2022-10-04,1078986.0,23.1,46.25,4
2022-10-05,1101403.0,23.299999999999997,51.75,4
2022-10-06,1122475.0,24.2,52.25,4
2022-10-07,1090019.0,24.35,53.75,4
2022-10-08,1040853.0,24.05,49.0,4
2022-10-09,1032635.0,23.45,53.75,4
2022-10-10,1106097.0,23.9,59.75,4
2022-10-11,1123399.0,24.175,63.25,4
2022-10-12,1235964.0,27.05,64.75,4
2022-10-13,1141086.0,25.1,50.5,4
2022-10-14,1108366.0,23.85,51.25,4
2022-10-15,1180342.0,26.475,66.5,4
2022-10-16,1118840.0,25.0,73.75,4
2022-10-17,1003071.0,19.45,67.75,4
2022-10-18,916495.0,15.175,40.0,4
2022-10-19,925487.0,13.475,44.25,4
2022-10-20,967748.0,18.575000000000003,47.75,4
2022-10-21,1025975.0,21.325,54.25,4
2022-10-22,1053190.0,23.3,63.75,4
2022-10-23,1098175.0,24.75,66.5,4
2022-10-24,1116570.0,24.25,78.0,4
2022-10-25,948129.0,18.125,45.0,4
2022-10-26,949020.0,16.025000000000002,52.5,4
2022-10-27,965966.0,17.775,61.75,4
2022-10-28,965549.0,17.75,81.75,4
2022-10-29,889218.0,16.2,77.25,4
2022-10-30,901391.0,17.325,71.25,4
2022-10-31,953701.0,18.05,68.0,4
2022-11-01,956773.0,18.15,81.0,4
2022-11-02,991244.0,19.275,82.5,4
2022-11-03,1078221.0,23.525,82.75,4
2022-11-04,1107218.0,24.15,81.0,4
2022-11-05,933150.0,16.575,54.5,4
2022-11-06,1027956.0,20.675,76.75,4
2022-11-07,1098724.0,24.075,87.25,4
2022-11-08,1097108.0,23.05,84.5,4
2022-11-09,1096458.0,23.05,81.0,4
2022-11-10,1059138.0,22.425,80.5,4
2022-11-11,1020481.0,16.5,85.0,4
2022-11-12,981233.0,8.475000000000001,56.75,4
2022-11-13,1010085.0,7.875,53.75,4
2022-11-14,1068255.0,9.8,81.0,4
2022-11-15,1099424.0,7.65,72.25,4
2022-11-16,1098692.0,7.9,66.75,4
2022-11-17,1074540.0,9.4,58.5,4
2022-11-18,1083933.0,9.625,59.5,4
2022-11-19,1158581.0,5.975,76.75,4
2022-11-20,1139814.0,6.525,64.5,4
2022-11-21,1151296.0,7.225,82.75,4
2022-11-22,1079466.0,9.95,84.0,4
2022-11-23,1011116.0,13.575,82.75,4
2022-11-24,930676.0,16.825,96.25,4
2022-11-25,937869.0,14.65,91.75,4
2022-11-26,947803.0,13.05,80.5,4
2022-11-27,958298.0,13.65,70.0,4
2022-11-28,1017827.0,14.149999999999999,76.0,4
2022-11-29,1024882.0,21.95,81.75,4
2022-11-30,1048717.0,10.925,53.5,4
2022-12-01,1106797.0,8.625,62.5,4
2022-12-02,1020572.0,15.775,89.5,4
2022-12-03,979259.0,17.0,73.0,4
2022-12-04,970886.0,13.825,72.25,4
2022-12-05,1018642.0,19.55,86.0,4
2022-12-06,1018018.0,21.625,86.0,4
2022-12-07,1025422.0,22.025,85.5,4
2022-12-08,1043222.0,22.225,85.25,4
2022-12-09,1026135.0,21.35,85.5,4
2022-12-10,986940.0,21.025,87.75,4
2022-12-11,956387.0,17.65,87.5,4
2022-12-12,1013349.0,17.7,91.25,4
2022-12-13,1034595.0,20.85,79.25,4
2022-12-14,993039.0,15.1,51.0,4
2022-12-15,1054558.0,9.5,57.0,4
2022-12-16,1103560.0,9.175,69.25,4
2022-12-17,1082198.0,8.25,49.5,4
2022-12-18,1118363.0,6.95,51.75,4
2022-12-19,1128570.0,8.475,78.5,4
2022-12-20,1116254.0,9.6,85.75,4
2022-12-21,1180743.0,6.725,83.5,4
2022-12-22,1389661.0,3.825,79.0,4
2022-12-23,1654628.0,-5.45,40.25,4
2022-12-24,1412810.0,-1.55,38.0,4
2022-12-25,1233772.0,2.05,45.0,4
2022-12-26,1150243.0,6.25,47.0,4
2022-12-27,1185582.0,5.675,58.0,4
2022-12-28,1055200.0,13.45,69.25,4
2022-12-29,933340.0,19.15,81.0,4
2022-12-30,936404.0,15.15,71.0,4
2022-12-31,933165.0,15.55,68.75,4
2023-01-01,900420.0,18.35,77.5,4
2023-01-02,971944.0,22.575,84.0,4
2023-01-03,963696.0,19.0,50.75,4
2023-01-04,983980.0,13.850000000000001,49.5,4
2023-01-05,1012274.0,12.274999999999999,54.75,4
2023-01-06,1013999.0,15.625,70.25,4
2023-01-07,936261.0,18.625,78.75,4
2023-01-08,930347.0,14.4,54.25,4
2023-01-09,992586.0,13.275,67.25,4
2023-01-10,983076.0,18.25,75.75,4
2023-01-11,1004070.0,20.25,71.0,4
2023-01-12,999261.0,14.95,45.25,4
2023-01-13,1055390.0,9.575,45.75,4
2023-01-14,1043387.0,9.625,53.5,4
2023-01-15,969374.0,15.5,71.75,4
2023-01-16,970259.0,19.475,73.5,4
2023-01-17,984653.0,18.8,71.25,4
2023-01-18,986315.0,19.95,62.5,4
2023-01-19,979391.0,13.55,38.5,4
2023-01-20,1026777.0,11.625,53.0,4
2023-01-21,991681.0,11.575,74.0,4
2023-01-22,1012859.0,9.875,54.0,4
2023-01-23,1112877.0,8.175,55.75,4
2023-01-24,1130398.0,9.575,81.75,4
2023-01-25,1173196.0,7.325,68.25,4
2023-01-26,1155160.0,6.925,64.5,4
2023-01-27,1138906.0,8.225,63.75,4
2023-01-28,1001338.0,13.875,87.75,4
2023-01-29,1026265.0,15.75,90.25,4
2023-01-30,1348424.0,3.2,90.25,4
2023-01-31,1478859.0,0.37500000000000006,92.75,4
2023-02-01,1445153.0,1.0,89.75,4
2023-02-02,1362955.0,3.05,91.75,4
2023-02-03,1214356.0,6.825,76.5,4
2023-02-04,1097656.0,8.75,78.0,4
2023-02-05,978203.0,13.8,76.25,4
2023-02-06,975193.0,17.675,78.75,4
2023-02-07,999482.0,18.45,87.25,4
2023-02-08,1070737.0,12.299999999999999,86.0,4
2023-02-09,1071293.0,11.5,69.5,4
2023-02-10,1110758.0,9.725,61.25,4
2023-02-11,1121406.0,7.4,57.5,4
2023-02-12,1055471.0,9.75,60.25,4
2023-02-13,1034196.0,13.425,68.0,4
2023-02-14,987206.0,19.325,62.25,4
2023-02-15,1011091.0,19.05,73.25,4
2023-02-16,1079342.0,12.45,53.5,4
2023-02-17,1193030.0,6.3,46.0,4
2023-02-18,1143768.0,6.975,55.0,4
2023-02-19,998655.0,14.6,66.0,4
2023-02-20,1009287.0,20.475,71.25,4
2023-02-21,1043506.0,22.475,70.5,4
2023-02-22,1057166.0,23.45,65.75,4
2023-02-23,1044410.0,19.675,70.5,4
2023-02-24,1075795.0,14.924999999999999,69.25,4
2023-02-25,1054960.0,13.975,82.75,4
2023-02-26,1014637.0,20.125,80.75,4
2023-02-27,1033433.0,21.3,47.25,4
2023-02-28,1052341.0,20.375,60.25,4
2023-03-01,1066829.0,23.275,78.75,4
2023-03-02,1055721.0,22.45,81.0,4
2023-03-03,965884.0,16.05,44.75,4
2023-03-04,952568.0,16.575,59.0,4
2023-03-05,958801.0,18.5,66.5,4
2023-03-06,1045579.0,20.95,77.75,4
2023-03-07,1060280.0,22.275,83.25,4
2023-03-08,1060408.0,20.9,78.25,4
2023-03-09,1062432.0,21.425,78.75,4
2023-03-10,1036194.0,18.65,75.75,4
2023-03-11,1058745.0,23.2,73.25,4
2023-03-12,954394.0,20.575,64.25,4
2023-03-13,975347.0,14.75,47.75,4
2023-03-14,991137.0,14.0,48.75,4
2023-03-15,1001050.0,15.725,58.75,4
2023-03-16,1026961.0,20.4,80.75,4
2023-03-17,1034037.0,10.85,54.0,4
2023-03-18,1033761.0,9.125,52.75,4
2023-03-19,1042471.0,8.925,48.0,4
2023-03-20,1123353.0,9.525,61.75,4
2023-03-21,1042509.0,16.9,87.5,4
2023-03-22,1060493.0,22.95,80.5,4
2023-03-23,1105295.0,24.2,77.0,4
2023-03-24,1083552.0,23.425,70.25,4
2023-03-25,992517.0,20.6,39.5,4
2023-03-26,976381.0,19.375,65.75,4
2023-03-27,1029047.0,19.975,70.0,4
2023-03-28,1006172.0,18.125,51.0,4
2023-03-29,979440.0,16.1,56.5,4
2023-03-30,1033303.0,20.3,82.75,4
2023-03-31,1110040.0,24.924999999999997,67.25,4
2023-04-01,1018530.0,22.1,37.25,4
2023-04-02,1042311.0,22.525,68.75,4
2023-04-03,1198529.0,25.85,75.5,4
2023-04-04,1189418.0,25.675,76.25,4
2023-04-05,1058818.0,20.7,63.5,4
2023-04-06,989368.0,12.75,76.75,4
2023-04-07,977465.0,12.825,85.0,4
2023-04-08,933354.0,16.0,81.0,4
2023-04-09,928337.0,17.925,79.5,4
2023-04-10,987550.0,18.7,78.0,4
2023-04-11,1014273.0,18.625,70.0,4
2023-04-12,1024015.0,18.525,67.5,4
2023-04-13,1040956.0,19.275,67.5,4
2023-04-14,1063633.0,21.15,79.25,4
2023-04-15,1110569.0,24.35,69.25,4
2023-04-16,951875.0,18.675,43.25,4
2023-04-17,1008540.0,18.15,50.75,4
2023-04-18,1044873.0,20.525,74.5,4
2023-04-19,1123550.0,23.35,76.75,4
2023-04-20,1130921.0,23.6,82.25,4
2023-04-21,1047302.0,21.225,72.75,4
2023-04-22,987409.0,19.475,62.5,4
2023-04-23,925438.0,14.65,73.75,4
2023-04-24,966044.0,16.15,69.75,4
2023-04-25,1011946.0,19.75,77.5,4
2023-04-26,1077003.0,21.5,85.25,4
2023-04-27,1036895.0,20.275,74.25,4
2023-04-28,1048849.0,19.725,78.75,4
2023-04-29,933623.0,17.525,57.75,4
2023-04-30,996694.0,20.5,51.75,4
2023-05-01,1056785.0,21.25,56.0,4
2023-05-02,1088310.0,21.725,73.5,4
2023-05-03,1116888.0,22.9,67.75,4
2023-05-04,1133359.0,23.299999999999997,79.75,4
2023-05-05,1296605.0,27.2,77.75,4
2023-05-06,1227630.0,26.3,76.5,4
2023-05-07,1145732.0,24.95,80.0,4
2023-05-08,1240608.0,25.474999999999998,79.75,4
2023-05-09,1160685.0,22.925,83.75,4
2023-05-10,1127019.0,22.675,86.25,4
2023-05-11,1242643.0,26.075,82.0,4
2023-05-12,1296166.0,26.875,81.5,4
2023-05-13,1113613.0,23.0,84.5,4
2023-05-14,1078184.0,23.55,85.5,4
2023-05-15,1178647.0,23.825,84.5,4
2023-05-16,1145980.0,23.175,81.25,4
2023-05-17,1174307.0,23.975,71.5,4
2023-05-18,1229914.0,25.025,71.25,4
2023-05-19,1282044.0,26.3,73.25,4
2023-05-20,1131790.0,23.95,74.75,4
2023-05-21,1047063.0,21.5,78.5,4
2023-05-22,1174458.0,23.525,71.75,4
2023-05-23,1236835.0,25.15,72.75,4
2023-05-24,1225207.0,24.7,72.5,4
2023-05-25,1222667.0,24.75,70.0,4
2023-05-26,1225139.0,25.5,65.0,4
2023-05-27,1176971.0,25.425,64.5,4
2023-05-28,1147946.0,24.875,69.0,4
2023-05-29,1186100.0,24.675,75.25,4
2023-05-30,1243485.0,24.9,73.75,4
2023-05-31,1284162.0,25.925,71.0,4
2023-06-01,1296126.0,26.5,70.75,4
2023-06-02,1314546.0,26.925,68.25,4
2023-06-03,1254028.0,26.425,66.5,4
2023-06-04,1158050.0,24.675,70.5,4
2023-06-05,1197644.0,24.7,73.75,4
2023-06-06,1220965.0,24.975,74.0,4
2023-06-07,1280461.0,26.15,70.5,4
2023-06-08,1281993.0,26.675,70.25,4
2023-06-09,1372028.0,28.4,66.5,4
2023-06-10,1386811.0,29.225,66.25,4
2023-06-11,1379526.0,28.95,67.75,4
2023-06-12,1403991.0,28.65,71.75,4
2023-06-13,1372096.0,28.2,76.25,4
2023-06-14,1430022.0,29.475,74.0,4
2023-06-15,1509531.0,30.599999999999998,74.25,4
2023-06-16,1490931.0,30.775,70.0,4
2023-06-17,1463402.0,30.35,73.25,4
2023-06-18,1464688.0,31.049999999999997,68.0,4
2023-06-19,1560044.0,31.325000000000003,69.25,4
2023-06-20,1593327.0,32.025,67.5,4
2023-06-21,1546520.0,31.025,71.0,4
2023-06-22,1445145.0,29.45,67.25,4
2023-06-23,1487387.0,30.075,70.5,4
2023-06-24,1502845.0,31.05,66.75,4
2023-06-25,1548274.0,31.775,64.75,4
2023-06-26,1602299.0,31.875,63.25,4
2023-06-27,1613826.0,31.875,61.75,4
2023-06-28,1597604.0,31.3,61.25,4
2023-06-29,1590735.0,31.125,62.25,4
2023-06-30,1552925.0,30.85,63.0,4
2023-07-01,1429609.0,30.275000000000002,65.0,4
2023-07-02,1374090.0,29.3,65.75,4
2023-07-03,1469543.0,30.4,63.0,4
2023-07-04,1427496.0,29.95,65.75,4
2023-07-05,1513716.0,30.400000000000002,67.0,4
2023-07-06,1424420.0,28.35,73.75,4
2023-07-07,1415506.0,28.45,71.25,4
2023-07-08,1454831.0,30.45,66.5,4
2023-07-09,1459007.0,30.8,66.0,4
2023-07-10,1553838.0,31.425,65.5,4
2023-07-11,1569142.0,31.55,66.0,4
2023-07-12,1622792.0,32.675,61.0,4
2023-07-13,1635112.0,32.675,61.75,4
2023-07-14,1620195.0,32.475,60.75,4
2023-07-15,1563842.0,32.45,59.5,4
2023-07-16,1479284.0,31.4,62.0,4
2023-07-17,1586029.0,32.275,54.0,4
2023-07-18,1640622.0,32.95,54.25,4
2023-07-19,1643440.0,32.625,56.5,4
2023-07-20,1622823.0,32.2,57.5,4
2023-07-21,1585901.0,31.75,57.0,4
2023-07-22,1517021.0,31.6,56.0,4
2023-07-23,1464116.0,30.85,56.5,4
2023-07-24,1551301.0,31.25,56.0,4
2023-07-25,1587415.0,31.675,57.5,4
2023-07-26,1586706.0,31.825,55.75,4
2023-07-27,1575986.0,31.475,54.75,4
2023-07-28,1558595.0,31.375,53.75,4
2023-07-29,1526058.0,31.475,52.25,4
2023-07-30,1544023.0,32.125,52.25,4
2023-07-31,1637543.0,33.0,50.5,4
2023-08-01,1664531.0,33.175,51.5,4
2023-08-02,1662141.0,33.175,49.5,4
2023-08-03,1668358.0,32.9,54.5,4
2023-08-04,1676770.0,33.325,54.75,4
2023-08-05,1656949.0,33.375,51.75,4
2023-08-06,1622781.0,33.0,54.75,4
2023-08-07,1683224.0,33.275,55.25,4
2023-08-08,1668464.0,32.9,56.75,4
2023-08-09,1687268.0,33.225,56.5,4
2023-08-10,1704812.0,33.5,57.5,4
2023-08-11,1712925.0,33.45,56.5,4
2023-08-12,1679926.0,33.425,57.5,4
2023-08-13,1659474.0,33.2,57.25,4
2023-08-14,1673474.0,32.675,54.5,4
2023-08-15,1570101.0,32.3,46.75,4
2023-08-16,1523482.0,31.325,38.5,4
2023-08-17,1603739.0,32.925,45.25,4
2023-08-18,1664887.0,33.425,47.0,4
2023-08-19,1637996.0,33.05,51.0,4
2023-08-20,1646173.0,33.9,50.0,4
2023-08-21,1682166.0,33.75,46.75,4
2023-08-22,1618266.0,31.6,59.25,4
2023-08-23,1626059.0,32.0,59.0,4
2023-08-24,1643734.0,33.3,51.25,4
2023-08-25,1657940.0,33.875,47.25,4
2023-08-26,1613013.0,33.4,49.5,4
2023-08-27,1568338.0,32.875,51.25,4
2023-08-28,1522237.0,30.4,57.25,4
2023-08-29,1490972.0,30.975,48.75,4
2023-08-30,1470602.0,30.875,40.5,4
2023-08-31,1485279.0,30.775,41.5,4
2023-09-01,1492598.0,30.775,46.5,4
2023-09-02,1439649.0,30.625,47.25,4
2023-09-03,1458723.0,31.05,52.25,4
2023-09-04,1540261.0,31.475,59.75,4
2023-09-05,1633591.0,32.525,59.5,4
2023-09-06,1625995.0,32.35,57.25,4
2023-09-07,1649605.0,33.2,52.5,4
2023-09-08,1649779.0,33.425000000000004,47.5,4
2023-09-09,1504588.0,30.95,56.25,4
2023-09-10,1402513.0,29.950000000000003,49.75,4
2023-09-11,1382735.0,28.7,52.0,4
2023-09-12,1361880.0,28.55,58.75,4
2023-09-13,1337512.0,27.325,67.0,4
2023-09-14,1300538.0,26.475,78.75,4
2023-09-15,1297824.0,25.95,80.75,4
2023-09-16,1238082.0,25.8,78.5,4
2023-09-17,1274168.0,27.425,63.25,4
2023-09-18,1341370.0,27.775,53.0,4
2023-09-19,1373207.0,28.475,54.0,4
2023-09-20,1414784.0,28.875,61.5,4
2023-09-21,1457828.0,29.65,65.5,4
2023-09-22,1496329.0,30.225,64.75,4
2023-09-23,1505670.0,31.1,63.5,4
2023-09-24,1502094.0,30.85,64.5,4
2023-09-25,1439986.0,28.35,73.5,4
2023-09-26,1400206.0,27.85,68.0,4
2023-09-27,1409630.0,28.075,63.75,4
2023-09-28,1430653.0,28.375,64.0,4
2023-09-29,1438038.0,28.6,63.25,4
2023-09-30,1383191.0,28.475,63.5,4
2023-10-01,1317955.0,27.85,60.75,4
2023-10-02,1345095.0,27.375,61.0,4
2023-10-03,1324942.0,27.224999999999998,66.75,4
2023-10-04,1409777.0,28.725,75.25,4
2023-10-05,1220866.0,24.275,83.25,4
2023-10-06,1182878.0,24.475,65.25,4
2023-10-07,1018684.0,20.425,48.0,4
2023-10-08,986091.0,18.725,50.25,4
2023-10-09,1103223.0,21.575,55.0,4
2023-10-10,1136360.0,22.5,70.25,4
2023-10-11,1100541.0,20.85,82.25,4
2023-10-12,1143969.0,22.0,80.0,4
2023-10-13,1210076.0,25.15,70.0,4
2023-10-14,1004835.0,20.0,43.0,4
2023-10-15,955296.0,17.5,49.0,4
2023-10-16,992495.0,15.65,54.0,4
2023-10-17,1013527.0,15.725,55.0,4
2023-10-18,1054198.0,19.4,56.0,4
2023-10-19,1103705.0,22.025,59.5,4
2023-10-20,1136936.0,23.525,45.0,4
2023-10-21,1121055.0,24.05,50.75,4
2023-10-22,1154267.0,24.725,69.75,4
2023-10-23,1222052.0,24.7,81.75,4
2023-10-24,1208404.0,24.925,82.25,4
2023-10-25,1215661.0,25.175,83.75,4
2023-10-26,1217276.0,24.675,89.25,4
2023-10-27,1253255.0,25.725,86.25,4
2023-10-28,1146964.0,23.9,87.5,4
2023-10-29,1110045.0,18.5,86.0,4
2023-10-30,1117584.0,7.525,76.5,4
2023-10-31,1099439.0,9.875,55.25,4
2023-11-01,1097093.0,8.775,57.75,4
2023-11-02,1079614.0,10.9,57.75,4
2023-11-03,1039139.0,15.975,69.25,4
2023-11-04,999981.0,18.65,78.5,4
2023-11-05,1056088.0,20.075,78.25,4
2023-11-06,1100729.0,21.950000000000003,76.5,4
2023-11-07,1141202.0,22.95,75.0,4
2023-11-08,1161504.0,23.575,78.75,4
2023-11-09,1092605.0,20.375,88.75,4
2023-11-10,1027258.0,14.3,89.75,4
2023-11-11,983559.0,14.625,80.0,4
2023-11-12,980152.0,15.25,83.25,4
2023-11-13,1016154.0,15.225000000000001,81.5,4
2023-11-14,1013360.0,16.475,73.0,4
2023-11-15,1016103.0,16.2,76.0,4
2023-11-16,1026890.0,14.7,87.5,4
2023-11-17,1038118.0,17.675,83.0,4
2023-11-18,998193.0,17.875,78.75,4
2023-11-19,992591.0,17.025,89.5,4
2023-11-20,1066010.0,21.225,77.5,4
2023-11-21,1050438.0,13.85,59.5,4
2023-11-22,1088923.0,10.1,55.0,4
2023-11-23,1037056.0,9.899999999999999,69.5,4
2023-11-24,1000122.0,11.575,75.75,4
2023-11-25,1005201.0,12.0,75.75,4
2023-11-26,1046365.0,11.225,66.25,4
2023-11-27,1165176.0,8.4,55.75,4
2023-11-28,1103948.0,10.775,53.75,4
2023-11-29,1107087.0,12.025,65.25,4
2023-11-30,1052570.0,17.25,92.0,4
2023-12-01,1036469.0,15.775,77.0,4
2023-12-02,1028098.0,14.125,74.5,4
2023-12-03,1016070.0,14.2,54.75,4
2023-12-04,1055166.0,13.45,49.75,4
2023-12-05,1069493.0,12.45,60.0,4
2023-12-06,1067157.0,12.35,59.25,4
2023-12-07,1076727.0,14.65,73.75,4
2023-12-08,1056836.0,20.2,81.25,4
2023-12-09,1040818.0,19.075,70.75,4
2023-12-10,1083011.0,9.35,39.75,4
2023-12-11,1163238.0,8.55,49.5,4
2023-12-12,1109952.0,11.875,65.0,4
2023-12-13,1101184.0,12.675,64.75,4
2023-12-14,1088327.0,14.0,61.25,4
2023-12-15,1065945.0,15.025,85.25,4
2023-12-16,1057475.0,12.025,71.5,4
2023-12-17,1073183.0,10.875,64.0,4
2023-12-18,1098036.0,12.275,61.5,4
2023-12-19,1132023.0,11.2,61.0,4
2023-12-20,1081200.0,14.950000000000001,78.0,4
2023-12-21,1048559.0,16.025,90.75,4
2023-12-22,1023205.0,17.4,90.75,4
2023-12-23,1004732.0,18.325,93.75,4
2023-12-24,987066.0,17.775,85.25,4
2023-12-25,1036086.0,9.625,62.25,4
2023-12-26,1131253.0,8.1,67.25,4
2023-12-27,1133152.0,9.875,63.0,4
2023-12-28,1162867.0,8.1,63.75,4
2023-12-29,1180282.0,7.6,60.5,4
2023-12-30,1117966.0,9.375,56.5,4
2023-12-31,1057652.0,12.125,64.75,4
2024-01-01,1088462.0,9.975,73.0,4
2024-01-02,1217193.0,7.425,77.0,4
2024-01-03,1169470.0,9.0,84.0,4
2024-01-04,1166909.0,9.425,81.5,4
2024-01-05,1125128.0,11.549999999999999,79.5,4
2024-01-06,1129944.0,9.299999999999999,72.25,4
2024-01-07,1125972.0,9.8,72.5,4
2024-01-08,1136442.0,14.8,71.5,4
2024-01-09,1253480.0,8.2,44.0,4
2024-01-10,1213566.0,9.5,55.0,4
2024-01-11,1110890.0,14.55,76.75,4
2024-01-12,1177100.0,10.9,48.75,4
2024-01-13,1238037.0,7.45,56.25,4
2024-01-14,1524691.0,-0.47500000000000026,68.0,4
2024-01-15,1739798.0,-5.0,78.5,4
2024-01-16,1715511.0,-4.125,49.25,4
2024-01-17,1567662.0,-0.65,52.5,4
2024-01-18,1220738.0,10.4,62.75,4
2024-01-19,1344178.0,6.0,50.25,4
2024-01-20,1475029.0,1.15,43.0,4
2024-01-21,1421832.0,3.4,59.25,4
2024-01-22,1293337.0,9.175,94.25,4
2024-01-23,1152157.0,14.3,97.0,4
2024-01-24,1112977.0,13.85,97.0,4
2024-01-25,1079931.0,13.325,89.25,4
2024-01-26,1094326.0,12.475,94.5,4
2024-01-27,1085126.0,12.075,79.5,4
2024-01-28,1104361.0,10.225,66.5,4
2024-01-29,1097499.0,12.05,62.5,4
2024-01-30,1056077.0,13.925,58.5,4
2024-01-31,1040361.0,14.25,62.25,4
2024-02-01,1023839.0,15.375,70.5,4
2024-02-02,1016396.0,16.974999999999998,90.0,4
2024-02-03,981930.0,15.85,76.25,4
2024-02-04,1001732.0,14.35,58.75,4
2024-02-05,1052592.0,13.45,67.25,4
2024-02-06,1059627.0,12.8,63.75,4
2024-02-07,1048255.0,14.3,71.5,4
2024-02-08,1028694.0,18.325,75.75,4
2024-02-09,1039648.0,19.1,81.0,4
2024-02-10,1007092.0,17.8,91.75,4
2024-02-11,1048355.0,15.275,86.25,4
2024-02-12,1127283.0,9.8,61.0,4
2024-02-13,1116117.0,10.35,63.75,4
2024-02-14,1071416.0,12.625,71.75,4
2024-02-15,1020328.0,16.95,80.5,4
2024-02-16,1024528.0,17.4,79.75,4
2024-02-17,1173691.0,7.55,59.25,4
2024-02-18,1167088.0,5.95,51.5,4
2024-02-19,1134156.0,10.075,59.5,4
2024-02-20,1066348.0,15.8,71.0,4
2024-02-21,1037904.0,19.15,78.0,4
2024-02-22,1051578.0,21.375,63.25,4
2024-02-23,1009016.0,18.075,46.0,4
2024-02-24,994284.0,16.95,46.0,4
2024-02-25,1006493.0,19.425,61.5,4
2024-02-26,1102714.0,21.375,77.0,4
2024-02-27,1123990.0,22.325,82.0,4
2024-02-28,1082555.0,14.75,54.75,4
2024-02-29,1143861.0,8.9,53.0,4
2024-03-01,1078759.0,12.9,71.0,4
2024-03-02,1018254.0,17.375,76.0,4
2024-03-03,1031780.0,20.8,80.25,4
2024-03-04,1110420.0,22.725,80.5,4
2024-03-05,1113925.0,22.55,68.75,4
2024-03-06,1079909.0,20.3,69.75,4
2024-03-07,1070850.0,20.325000000000003,86.0,4
2024-03-08,1091140.0,20.775,75.75,4
2024-03-09,1004623.0,12.175,65.0,4
2024-03-10,941195.0,12.675,55.75,4
2024-03-11,1013935.0,15.8,61.0,4
2024-03-12,1036405.0,18.6,77.0,4
2024-03-13,1102264.0,22.425,80.25,4
2024-03-14,1132880.0,23.625,82.75,4
2024-03-15,1091502.0,20.85,85.75,4
2024-03-16,1011106.0,18.625,89.75,4
2024-03-17,1002727.0,17.925,86.0,4
2024-03-18,1028701.0,15.075,53.0,4
2024-03-19,1040202.0,12.35,56.0,4
2024-03-20,1023097.0,15.375,71.0,4
2024-03-21,1031641.0,16.625,90.0,4
2024-03-22,1052300.0,17.8,79.5,4
2024-03-23,996345.0,16.825,73.75,4
2024-03-24,995712.0,18.175,79.5,4
2024-03-25,1057346.0,19.325,67.5,4
2024-03-26,1032429.0,14.0,52.5,4
2024-03-27,1037958.0,13.5,65.75,4
2024-03-28,1043766.0,16.075,67.0,4
2024-03-29,1035317.0,19.175,69.75,4
2024-03-30,1030294.0,20.625,78.25,4
2024-03-31,1047523.0,22.05,84.0,4
2024-04-01,1152889.0,24.1,82.5,4
2024-04-02,1075594.0,19.95,54.75,4
2024-04-03,1026346.0,17.275,48.0,4
2024-04-04,1065934.0,19.2,50.5,4
2024-04-05,1100119.0,21.15,49.75,4
2024-04-06,1060236.0,20.975,76.25,4
2024-04-07,1078118.0,22.45,61.0,4
2024-04-08,1129715.0,21.8,82.5,4
2024-04-09,1140486.0,22.5,87.75,4
2024-04-10,1053422.0,18.375,74.75,4
2024-04-11,1041922.0,18.8,52.25,4
2024-04-12,1056479.0,19.15,58.75,4
2024-04-13,1054704.0,21.15,68.0,4
2024-04-14,1100664.0,22.525,76.25,4
2024-04-15,1169755.0,23.4,82.0,4
2024-04-16,1186720.0,23.9,83.5,4
2024-04-17,1219643.0,24.7,85.25,4
2024-04-18,1251447.0,25.425,80.25,4
2024-04-19,1139353.0,22.125,78.25,4
2024-04-20,1076522.0,18.775,89.5,4
2024-04-21,979566.0,15.45,72.0,4
2024-04-22,1028631.0,16.225,61.75,4
2024-04-23,1070512.0,18.875,78.5,4
2024-04-24,1164139.0,23.375,82.75,4
2024-04-25,1185435.0,23.55,85.0,4
2024-04-26,1198756.0,24.225,84.75,4
2024-04-27,1203628.0,25.525,80.75,4
2024-04-28,1136813.0,23.525,86.75,4
2024-04-29,1234533.0,24.175,81.75,4
2024-04-30,1262140.0,24.425,80.25,4
2024-05-01,1236671.0,24.15,86.5,4
2024-05-02,1208401.0,24.025,87.5,4
2024-05-03,1207162.0,23.425,89.0,4
2024-05-04,1165392.0,23.95,86.5,4
2024-05-05,1132508.0,23.575000000000003,85.5,4
2024-05-06,1276604.0,25.725,84.25,4
2024-05-07,1354146.0,27.15,78.25,4
2024-05-08,1387654.0,27.5,82.5,4
2024-05-09,1348830.0,26.825000000000003,82.0,4
2024-05-10,1234574.0,24.8,66.0,4
2024-05-11,1132252.0,22.975,65.75,4
2024-05-12,1109407.0,22.35,88.0,4
2024-05-13,1201752.0,23.325000000000003,86.5,4
2024-05-14,1229440.0,24.25,66.5,4
2024-05-15,1299162.0,25.475,64.5,4
2024-05-16,1179654.0,23.075,86.75,4
2024-05-17,1112501.0,22.599999999999998,79.0,4
2024-05-18,1251067.0,26.125,74.75,4
2024-05-19,1333849.0,27.6,71.75,4
2024-05-20,1399235.0,27.425,70.75,4
2024-05-21,1437750.0,28.525,76.5,4
2024-05-22,1411450.0,28.125,80.25,4
2024-05-23,1409740.0,27.975,78.0,4
2024-05-24,1453420.0,28.925,77.5,4
2024-05-25,1429381.0,29.3,76.5,4
2024-05-26,1447251.0,29.525,74.0,4
2024-05-27,1487240.0,29.9,77.5,4
2024-05-28,1340836.0,26.9,76.25,4
2024-05-29,1330164.0,26.05,75.75,4
2024-05-30,1361194.0,26.525,81.75,4
2024-05-31,1272501.0,24.8,79.25,4
2024-06-01,1286873.0,26.025,81.5,4
2024-06-02,1357594.0,27.95,79.75,4
2024-06-03,1443398.0,28.2,79.75,4
2024-06-04,1501166.0,29.675,77.5,4
2024-06-05,1409175.0,27.65,77.25,4
2024-06-06,1448886.0,28.45,67.75,4
2024-06-07,1498098.0,29.25,66.25,4
2024-06-08,1484983.0,29.45,66.75,4
2024-06-09,1458354.0,28.875,71.0,4
2024-06-10,1431657.0,27.9,75.75,4
2024-06-11,1383679.0,27.025,78.0,4
2024-06-12,1419225.0,27.05,78.25,4
2024-06-13,1489970.0,28.85,71.5,4
2024-06-14,1508187.0,29.425,65.75,4
2024-06-15,1469671.0,29.1,66.75,4
2024-06-16,1486273.0,29.65,67.75,4
2024-06-17,1552772.0,29.525,70.75,4
2024-06-18,1498428.0,28.55,70.0,4
2024-06-19,1352232.0,25.6,85.5,4
2024-06-20,1439806.0,27.475,81.75,4
2024-06-21,1484093.0,28.275,76.25,4
2024-06-22,1474618.0,28.8,71.25,4
2024-06-23,1492641.0,29.175,70.0,4
2024-06-24,1584569.0,29.825,72.75,4
2024-06-25,1619012.0,30.275,74.0,4
2024-06-26,1627065.0,30.25,73.75,4
2024-06-27,1620602.0,30.575,71.25,4
2024-06-28,1639833.0,30.7,70.5,4
2024-06-29,1621819.0,31.125,70.0,4
2024-06-30,1591011.0,30.7,69.25,4
2024-07-01,1635576.0,30.849999999999998,64.75,4
2024-07-02,1641833.0,31.325,60.75,4
2024-07-03,1623599.0,30.650000000000002,64.25,4
2024-07-04,1597761.0,31.15,65.75,4
2024-07-05,1509447.0,29.525,67.0,4
2024-07-06,1426515.0,28.424999999999997,70.5,4
2024-07-07,1397421.0,28.025,78.25,4
2024-07-08,1192360.0,27.55,73.5,4
2024-07-09,1281942.0,28.675,68.5,4
2024-07-10,1364110.0,28.975,68.0,4
2024-07-11,1388534.0,28.625,69.5,4
2024-07-12,1373966.0,27.325,77.0,4
2024-07-13,1348906.0,27.425,79.25,4
2024-07-14,1412959.0,28.95,73.5,4
2024-07-15,1539648.0,30.150000000000002,67.25,4
2024-07-16,1575877.0,30.375,65.5,4
2024-07-17,1515100.0,29.6,71.5,4
2024-07-18,1425626.0,27.975,74.75,4
2024-07-19,1446932.0,28.35,70.25,4
2024-07-20,1427660.0,28.575,67.75,4
2024-07-21,1378675.0,27.775,75.5,4
2024-07-22,1378988.0,26.675,82.25,4
2024-07-23,1337930.0,25.525,87.5,4
2024-07-24,1374455.0,26.9,80.75,4
2024-07-25,1365305.0,26.275,82.75,4
2024-07-26,1333630.0,25.85,82.75,4
2024-07-27,1328452.0,26.275,82.5,4
2024-07-28,1391201.0,27.25,83.25,4
2024-07-29,1567428.0,29.75,75.0,4
2024-07-30,1594712.0,29.85,73.25,4
2024-07-31,1603284.0,30.05,70.5,4
2024-08-01,1573093.0,29.7,68.25,4
2024-08-02,1601966.0,30.55,68.5,4
2024-08-03,1570755.0,30.625,65.75,4
2024-08-04,1515658.0,29.85,66.75,4
2024-08-05,1567616.0,29.825000000000003,65.25,4
2024-08-06,1594097.0,30.575,61.75,4
2024-08-07,1645608.0,31.4,61.0,4
2024-08-08,1664317.0,31.6,60.0,4
2024-08-09,1604956.0,30.125,66.75,4
2024-08-10,1548306.0,29.875,67.75,4
2024-08-11,1578943.0,30.275,66.0,4
2024-08-12,1647440.0,30.525,67.5,4
2024-08-13,1660451.0,30.9,67.0,4
2024-08-14,1663955.0,30.925,65.5,4
2024-08-15,1673147.0,31.375,64.0,4
2024-08-16,1686077.0,31.6,62.75,4
2024-08-17,1647223.0,31.35,63.0,4
2024-08-18,1642343.0,31.75,60.75,4
2024-08-19,1686565.0,31.625,58.0,4
2024-08-20,1689909.0,32.1,55.25,4
2024-08-21,1687940.0,32.15,56.0,4
2024-08-22,1701086.0,32.35,56.5,4
2024-08-23,1691391.0,31.075,65.75,4
2024-08-24,1577824.0,30.4,64.25,4
2024-08-25,1547176.0,30.05,61.75,4
2024-08-26,1520365.0,28.025,69.75,4
2024-08-27,1487933.0,27.1,76.5,4
2024-08-28,1493083.0,27.725,77.0,4
2024-08-29,1466699.0,27.4,76.75,4
2024-08-30,1454619.0,27.775,76.25,4
2024-08-31,1433396.0,28.4,71.25,4
2024-09-01,1393492.0,28.2,73.75,4
2024-09-02,1371120.0,27.375,80.25,4
2024-09-03,1339874.0,26.2,86.0,4
2024-09-04,1324943.0,25.575,84.5,4
2024-09-05,1357410.0,26.35,81.0,4
2024-09-06,1355611.0,26.8,76.5,4
2024-09-07,1268895.0,26.0,59.5,4
2024-09-08,1196692.0,23.575,51.0,4
2024-09-09,1246332.0,23.4,49.75,4
2024-09-10,1298817.0,25.3,57.5,4
2024-09-11,1330083.0,26.125,76.25,4
2024-09-12,1349608.0,25.85,73.0,4
2024-09-13,1425619.0,27.3,69.0,4
2024-09-14,1462155.0,29.075,68.5,4
2024-09-15,1431796.0,28.625,69.0,4
2024-09-16,1451937.0,27.825,70.0,4
2024-09-17,1454103.0,27.9,68.75,4
2024-09-18,1504436.0,28.9,70.25,4
2024-09-19,1555351.0,29.55,70.25,4
2024-09-20,1547711.0,29.575,69.5,4
2024-09-21,1496568.0,29.075,68.0,4
2024-09-22,1453849.0,28.675,67.75,4
2024-09-23,1399205.0,26.95,74.5,4
2024-09-24,1421382.0,27.375,71.75,4
2024-09-25,1376156.0,26.25,71.75,4
2024-09-26,1287326.0,24.275,58.25,4
2024-09-27,1273545.0,24.125,54.5,4
2024-09-28,1261673.0,24.95,52.0,4
2024-09-29,1265624.0,24.9,50.25,4
2024-09-30,1352876.0,25.7,55.5,4
2024-10-01,1360546.0,26.475,56.75,4
2024-10-02,1350307.0,26.2,53.75,4
2024-10-03,1381479.0,26.375,60.0,4
2024-10-04,1359568.0,26.425,54.5,4
2024-10-05,1319361.0,26.55,61.0,4
2024-10-06,1341579.0,26.925,61.75,4
2024-10-07,1358588.0,26.475,53.0,4
2024-10-08,1296868.0,25.075,48.75,4
2024-10-09,1256211.0,23.75,43.75,4
2024-10-10,1288665.0,24.925,44.25,4
2024-10-11,1295385.0,24.525,52.75,4
2024-10-12,1290288.0,25.2,57.25,4
2024-10-13,1308700.0,26.475,55.0,4
2024-10-14,1310093.0,25.525,44.75,4
2024-10-15,1306577.0,25.025,48.5,4
2024-10-16,1112202.0,19.0,38.75,4
2024-10-17,1077689.0,16.65,41.25,4
2024-10-18,1110916.0,19.725,58.0,4
2024-10-19,1118671.0,21.75,58.5,4
2024-10-20,1133939.0,21.6,59.5,4
2024-10-21,1204976.0,21.225,63.0,4
2024-10-22,1255994.0,23.3,72.0,4
2024-10-23,1303232.0,24.1,69.25,4
2024-10-24,1310617.0,24.1,68.5,4
2024-10-25,1310264.0,24.6,67.25,4
2024-10-26,1251704.0,24.4,66.5,4
2024-10-27,1242386.0,24.275,66.0,4
2024-10-28,1315588.0,24.75,67.25,4
2024-10-29,1350897.0,25.925,70.25,4
2024-10-30,1367194.0,26.35,74.75,4
2024-10-31,1268349.0,24.075,75.5,4
2024-11-01,1183257.0,22.35,79.25,4
2024-11-02,1190481.0,23.8,86.25,4
2024-11-03,1287715.0,25.425,80.75,4
2024-11-04,1299817.0,25.35,80.25,4
2024-11-05,1138532.0,19.15,71.25,4
2024-11-06,1123771.0,18.675,65.75,4
2024-11-07,1208736.0,23.025,81.5,4
2024-11-08,1212411.0,22.9,85.5,4
2024-11-09,1093575.0,19.75,59.75,4
2024-11-10,1105241.0,21.425,64.5,4
2024-11-11,1152926.0,20.6,69.5,4
2024-11-12,1133955.0,19.825,68.75,4
2024-11-13,1142708.0,20.475,63.75,4
2024-11-14,1074549.0,16.675,48.25,4
2024-11-15,1067233.0,15.025,55.25,4
2024-11-16,1068474.0,18.75,72.25,4
2024-11-17,1130639.0,22.725,84.25,4
2024-11-18,1170150.0,22.049999999999997,72.5,4
2024-11-19,1083425.0,17.625,56.75,4
2024-11-20,1051124.0,14.35,44.5,4
2024-11-21,1083483.0,11.85,51.25,4
2024-11-22,1084575.0,13.4,52.5,4
2024-11-23,1070450.0,15.0,63.25,4
2024-11-24,1082650.0,19.925,73.25,4
2024-11-25,1135250.0,18.5,74.25,4
2024-11-26,1102387.0,12.0,63.75,4
2024-11-27,1117649.0,18.75,72.5,4
2024-11-28,1059837.0,13.05,55.0,4
2024-11-29,1093072.0,9.05,49.75,4
2024-11-30,1102232.0,10.05,57.25,4
2024-12-01,1083439.0,13.25,67.0,4
2024-12-02,1131211.0,12.2,61.0,4
2024-12-03,1131098.0,12.125,56.25,4
2024-12-04,1127639.0,14.225000000000001,89.0,4
2024-12-05,1125011.0,13.8,78.75,4
2024-12-06,1216171.0,8.7,52.25,4
2024-12-07,1199583.0,7.574999999999999,84.0,4
2024-12-08,1135126.0,11.05,95.25,4
2024-12-09,1125799.0,15.925,81.5,4
2024-12-10,1176841.0,11.85,68.5,4
2024-12-11,1241049.0,8.525,50.0,4
2024-12-12,1223064.0,9.825,56.0,4
2024-12-13,1142979.0,15.575,86.0,4
2024-12-14,1085928.0,20.1,86.5,4
2024-12-15,1116387.0,20.925,87.5,4
2024-12-16,1151988.0,21.8,84.25,4
2024-12-17,1136804.0,20.525,84.25,4
2024-12-18,1117331.0,16.8,74.0,4
2024-12-19,1148192.0,11.525,66.25,4
2024-12-20,1142962.0,11.625,62.5,4
2024-12-21,1155847.0,8.65,56.5,4
2024-12-22,1122134.0,11.9,67.25,4
2024-12-23,1099673.0,17.4,74.25,4
2024-12-24,1067566.0,18.675,84.75,4
2024-12-25,1018790.0,15.075,86.0,4
2024-12-26,1077305.0,16.9,85.75,4
2024-12-27,1093843.0,15.924999999999999,73.75,4
2024-12-28,1079096.0,19.55,76.0,4
2024-12-29,1039828.0,14.875,70.75,4
2024-12-30,1100926.0,17.675,59.25,4
2024-12-31,1075203.0,14.575000000000001,48.25,4
2025-01-01,1086807.0,9.95,62.0,4
2025-01-02,1147154.0,11.075,71.25,4
2025-01-03,1106968.0,14.825,80.5,4
2025-01-04,1065018.0,17.450000000000003,81.25,4
2025-01-05,1136098.0,15.95,65.5,4
2025-01-06,1457315.0,2.4749999999999996,46.75,4
2025-01-07,1463131.0,2.925,46.75,4
2025-01-08,1485726.0,3.35,50.0,4
2025-01-09,1508685.0,3.45,72.25,4
2025-01-10,1522174.0,3.65,79.75,4
2025-01-11,1383920.0,5.15,63.0,4
2025-01-12,1247661.0,8.55,67.5,4
2025-01-13,1283509.0,8.325,57.25,4
2025-01-14,1316513.0,7.175,58.75,4
2025-01-15,1242465.0,10.2,60.25,4
2025-01-16,1229520.0,9.35,58.25,4
2025-01-17,1211209.0,11.875,65.25,4
2025-01-18,1181885.0,12.075,55.0,4
2025-01-19,1483428.0,1.825,40.75,4
2025-01-20,1674205.0,-1.05,44.0,4
2025-01-21,1647906.0,-0.9,60.0,4
2025-01-22,1549289.0,0.9750000000000001,58.0,4
2025-01-23,1400399.0,5.2,51.0,4
2025-01-24,1374893.0,5.85,45.0,4
2025-01-25,1264284.0,9.225,65.0,4
2025-01-26,1159265.0,13.35,90.25,4
2025-01-27,1250717.0,9.375,74.75,4
2025-01-28,1197092.0,11.2,82.0,4
2025-01-29,1139746.0,15.8,95.0,4
2025-01-30,1101070.0,17.925,78.0,4
2025-01-31,1116746.0,14.475,46.5,4
2025-02-01,1100027.0,12.9,54.25,4
2025-02-02,1066478.0,16.425,61.25,4
2025-02-03,1113320.0,20.6,77.25,4
2025-02-04,1120311.0,20.75,82.25,4
2025-02-05,1134444.0,20.225,85.0,4
2025-02-06,1144869.0,22.25,80.25,4
2025-02-07,1149772.0,21.3,82.25,4
2025-02-08,1152232.0,23.25,74.5,4
2025-02-09,1126918.0,16.825,79.0,4
2025-02-10,1190852.0,11.6,86.25,4
2025-02-11,1221131.0,11.875,94.75,4
2025-02-12,1253392.0,11.625,87.25,4
2025-02-13,1391105.0,4.925,62.0,4
2025-02-14,1307089.0,7.2,71.75,4
2025-02-15,1141388.0,15.125,81.5,4
2025-02-16,1236095.0,7.75,57.5,4
2025-02-17,1281973.0,8.225,63.75,4
2025-02-18,1281257.0,11.950000000000001,87.5,4
2025-02-19,1724708.0,-2.05,73.0,4
2025-02-20,1703254.0,-1.7249999999999999,54.75,4
2025-02-21,1621566.0,0.95,53.5,4
2025-02-22,1441859.0,4.025,70.0,4
2025-02-23,1211726.0,10.15,79.75,4
2025-02-24,1156166.0,12.85,75.75,4
2025-02-25,1102015.0,15.725,72.0,4
2025-02-26,1099412.0,18.975,72.25,4
2025-02-27,1076161.0,17.05,58.0,4
2025-02-28,1092946.0,15.925,50.25,4
2025-03-01,1059205.0,18.5,55.75,4
2025-03-02,1051763.0,19.025,60.5,4
2025-03-03,1130424.0,20.175,82.0,4
2025-03-04,1094259.0,20.25,55.5,4
2025-03-05,1088743.0,14.75,37.5,4
2025-03-06,1121855.0,14.075,48.0,4
2025-03-07,1116479.0,20.6,69.0,4
2025-03-08,1127286.0,18.625,77.5,4
2025-03-09,1052238.0,11.575,65.5,4
2025-03-10,1124589.0,13.875,54.25,4
2025-03-11,1108907.0,17.725,49.25,4
2025-03-12,1133372.0,21.275,62.75,4
2025-03-13,1157474.0,22.55,40.5,4
2025-03-14,1184770.0,24.3,55.5,4
2025-03-15,1060862.0,20.9,31.0,4
2025-03-16,1027979.0,16.4,33.5,4
2025-03-17,1115239.0,18.0,41.75,4
2025-03-18,1142457.0,21.2,57.25,4
2025-03-19,1111381.0,20.45,42.0,4
2025-03-20,1072400.0,13.7,30.5,4
2025-03-21,1092193.0,15.625,40.25,4
2025-03-22,1090607.0,20.0,64.25,4
2025-03-23,1138487.0,23.325,68.75,4
2025-03-24,1154095.0,21.125,56.25,4
2025-03-25,1207898.0,22.85,60.0,4
2025-03-26,1179864.0,22.225,73.25,4
2025-03-27,1113140.0,19.3,86.25,4
2025-03-28,1108559.0,20.1,84.25,4
2025-03-29,1173990.0,23.45,79.25,4
2025-03-30,1173864.0,23.45,81.5,4
2025-03-31,1185256.0,21.4,72.5,4
2025-04-01,1199867.0,22.125,77.25,4
2025-04-02,1251896.0,25.025,76.0,4
2025-04-03,1261337.0,24.425,78.75,4
2025-04-04,1240545.0,23.225,83.25,4
2025-04-05,1148242.0,17.25,83.25,4
2025-04-06,1103017.0,10.375,66.75,4
2025-04-07,1101862.0,13.0,52.75,4
2025-04-08,1106234.0,15.7,50.0,4
2025-04-09,1128619.0,19.775,52.5,4
2025-04-10,1178533.0,21.75,61.5,4
2025-04-11,1190306.0,22.4,55.25,4
2025-04-12,1166309.0,22.0,51.0,4
2025-04-13,1219633.0,23.975,57.0,4
2025-04-14,1272661.0,23.900000000000002,63.0,4
2025-04-15,1178319.0,21.625,59.0,4
2025-04-16,1218437.0,21.95,65.5,4
2025-04-17,1269757.0,23.825,68.25,4
2025-04-18,1283826.0,25.375,69.75,4
2025-04-19,1206502.0,23.95,77.5,4
2025-04-20,1164313.0,23.3,68.75,4
2025-04-21,1203414.0,22.275,57.5,4
2025-04-22,1280596.0,24.175,73.25,4
2025-04-23,1249686.0,23.625,79.5,4
2025-04-24,1240716.0,23.625,81.5,4
2025-04-25,1256501.0,23.9,80.25,4
2025-04-26,1242288.0,24.375,76.75,4
2025-04-27,1270821.0,25.15,74.25,4
2025-04-28,1323819.0,25.375,75.75,4
2025-04-29,1309069.0,25.325000000000003,73.75,4
2025-04-30,1268209.0,24.225,80.75,4
2025-05-01,1270303.0,24.0,81.0,4
2025-05-02,1198016.0,21.95,82.0,4
2025-05-03,1105959.0,20.575,61.5,4
2025-05-04,1112078.0,20.1,55.75,4
2025-05-05,1151822.0,19.775,78.75,4
2025-05-06,1182776.0,22.5,84.25,4
2025-05-07,1221006.0,22.65,75.75,4
2025-05-08,1216837.0,22.825,71.75,4
2025-05-09,1188992.0,22.4,64.0,4
2025-05-10,1146976.0,21.75,63.5,4
2025-05-11,1112412.0,21.1,55.5,4
2025-05-12,1242959.0,22.299999999999997,57.75,4
2025-05-13,1395742.0,26.85,61.0,4
2025-05-14,1482292.0,28.35,67.75,4
2025-05-15,1464920.0,27.825,70.0,4
2025-05-16,1470392.0,28.6,71.0,4
2025-05-17,1451373.0,28.5,73.25,4
2025-05-18,1419442.0,27.85,74.25,4
2025-05-19,1467257.0,27.8,76.5,4
2025-05-20,1437151.0,28.325,59.5,4
2025-05-21,1382622.0,26.425,53.75,4
2025-05-22,1478856.0,27.95,69.75,4
2025-05-23,1511983.0,28.35,67.25,4
2025-05-24,1520807.0,29.475,68.25,4
2025-05-25,1512448.0,29.575000000000003,69.75,4
2025-05-26,1344864.0,26.25,78.0,4
2025-05-27,1346311.0,25.225,73.75,4
2025-05-28,1311095.0,24.45,78.75,4
2025-05-29,1387867.0,26.125,75.75,4
2025-05-30,1320531.0,25.05,77.25,4
2025-05-31,1339133.0,25.85,70.0,4
2025-06-01,1396345.0,27.325,70.75,4
2025-06-02,1510121.0,28.25,71.25,4
2025-06-03,1505889.0,28.049999999999997,74.0,4
2025-06-04,1434459.0,27.225,78.5,4
2025-06-05,1488771.0,28.325,73.75,4
2025-06-06,1558028.0,29.5,69.75,4
2025-06-07,1540018.0,29.7,69.25,4
2025-06-08,1542814.0,29.75,69.75,4
2025-06-09,1512008.0,28.075,70.75,4
2025-06-10,1446184.0,27.6,73.25,4
2025-06-11,1349409.0,24.9,85.25,4
2025-06-12,1326795.0,23.825,86.25,4
2025-06-13,1466280.0,26.625,80.75,4
2025-06-14,1494536.0,27.975,78.0,4
2025-06-15,1407728.0,26.925,82.75,4
2025-06-16,1479755.0,27.275,76.75,4
2025-06-17,1556901.0,28.675,72.0,4
2025-06-18,1577424.0,29.275,69.75,4
2025-06-19,1594402.0,29.55,72.75,4
2025-06-20,1609959.0,29.7,72.0,4
2025-06-21,1552217.0,29.05,70.25,4
2025-06-22,1538952.0,29.15,70.75,4
2025-06-23,1584631.0,29.225,70.75,4
2025-06-24,1559157.0,28.2,73.5,4
2025-06-25,1502732.0,27.125,77.5,4
2025-06-26,1513894.0,27.6,76.75,4
2025-06-27,1536061.0,28.5,71.75,4
2025-06-28,1550787.0,29.25,68.75,4
2025-06-29,1515245.0,28.625,72.5,4
2025-06-30,1523849.0,27.675,72.25,4
2025-07-01,1487581.0,28.075,71.0,4
2025-07-02,1514389.0,28.125,75.0,4
2025-07-03,1440660.0,27.15,81.5,4
2025-07-04,1393586.0,26.5,88.0,4
2025-07-05,1379986.0,26.450000000000003,86.0,4
2025-07-06,1407855.0,27.25,79.25,4
2025-07-07,1502122.0,27.6,78.75,4
2025-07-08,1491609.0,27.3,80.0,4
2025-07-09,1469181.0,26.6,81.0,4
2025-07-10,1523856.0,28.174999999999997,71.75,4
2025-07-11,1543816.0,28.35,73.5,4
2025-07-12,1497970.0,28.45,76.0,4
2025-07-13,1428407.0,26.575,82.5,4
2025-07-14,1504071.0,27.275,81.0,4
2025-07-15,1572957.0,28.925,74.75,4
2025-07-16,1594860.0,29.4,70.75,4
2025-07-17,1574507.0,28.6,71.0,4
2025-07-18,1570002.0,28.775,70.25,4
2025-07-19,1575702.0,29.275,70.75,4
2025-07-20,1576117.0,29.3,70.75,4
2025-07-21,1627495.0,29.625,68.75,4
2025-07-22,1633972.0,29.674999999999997,67.75,4
2025-07-23,1643202.0,29.925,67.0,4
2025-07-24,1661662.0,30.2,63.5,4
2025-07-25,1585642.0,28.8,67.5,4
2025-07-26,1546609.0,28.725,72.5,4
2025-07-27,1553950.0,28.925,72.5,4
2025-07-28,1639192.0,29.75,68.25,4
2025-07-29,1642261.0,29.975,59.25,4
2025-07-30,1616598.0,29.95,49.25,4
2025-07-31,1646148.0,30.525,54.5,4
2025-08-01,1628717.0,30.25,62.75,4
2025-08-02,1536823.0,28.8,69.75,4
2025-08-03,1534803.0,29.025,69.5,4
2025-08-04,1529226.0,27.975,70.75,4
2025-08-05,1586668.0,28.7,68.0,4
2025-08-06,1629490.0,29.6,66.75,4
2025-08-07,1658599.0,30.3,66.0,4
2025-08-08,1678635.0,30.75,62.0,4
2025-08-09,1648716.0,30.45,62.25,4
2025-08-10,1615387.0,29.9,64.75,4
2025-08-11,1644392.0,29.825,63.5,4
2025-08-12,1613572.0,29.55,66.0,4
2025-08-13,1607014.0,29.2,68.5,4
2025-08-14,1670679.0,30.724999999999998,65.0,4
2025-08-15,1661556.0,30.25,67.75,4
2025-08-16,1608051.0,29.8,69.25,4
2025-08-17,1632027.0,30.725,64.75,4
2025-08-18,1682672.0,31.275,60.0,4
2025-08-19,1643855.0,29.924999999999997,62.25,4
2025-08-20,1580828.0,28.85,68.5,4
2025-08-21,1580505.0,28.425,69.75,4
2025-08-22,1538775.0,28.125,69.0,4
2025-08-23,1518150.0,28.775000000000002,64.75,4
2025-08-24,1555546.0,29.775,57.75,4
2025-08-25,1611746.0,29.725,56.5,4
2025-08-26,1557981.0,28.5,65.0,4
2025-08-27,1572027.0,28.525,70.75,4
2025-08-28,1643183.0,30.25,66.0,4
2025-08-29,1562568.0,29.2,70.0,4
2025-08-30,1469973.0,28.425,73.0,4
2025-08-31,1398762.0,27.0,79.25,4
2025-09-01,1439856.0,27.05,77.25,4
2025-09-02,1517757.0,28.325,67.0,4
2025-09-03,1532342.0,28.55,61.75,4
2025-09-04,1550568.0,29.175,54.25,4
2025-09-05,1585128.0,29.85,61.0,4
2025-09-06,1395954.0,25.975,77.5,4
2025-09-07,1308472.0,23.775,84.0,4
2025-09-08,1366589.0,24.625,65.0,4
2025-09-09,1376444.0,24.5,57.25,4
2025-09-10,1434853.0,25.975,58.5,4
2025-09-11,1507308.0,27.225,65.5,4
2025-09-12,1534801.0,28.125,65.25,4
2025-09-13,1479940.0,27.625,64.0,4
2025-09-14,1464562.0,27.65,63.5,4
2025-09-15,1517940.0,27.45,64.0,4
2025-09-16,1502415.0,27.4,61.75,4
2025-09-17,1511781.0,27.6,61.25,4
2025-09-18,1507362.0,27.475,65.0,4
2025-09-19,1513181.0,27.5,66.0,4
2025-09-20,1482362.0,27.625,65.25,4
2025-09-21,1496934.0,28.25,68.5,4
2025-09-22,1573719.0,28.9,71.25,4
2025-09-23,1613144.0,29.674999999999997,71.25,4
2025-09-24,1506005.0,27.55,74.5,4
2025-09-25,1420986.0,26.45,63.75,4
2025-09-26,1390543.0,25.575,55.75,4
2025-09-27,1348210.0,25.0,56.25,4
2025-09-28,1325640.0,24.875,55.5,4
2025-09-29,1362592.0,24.85,55.5,4
2025-09-30,1417343.0,26.25,52.25,4
2025-10-01,1429009.0,26.35,53.75,4
2025-10-02,1443849.0,26.725,55.25,4
2025-10-03,1445657.0,26.85,59.0,4
2025-10-04,1369276.0,25.875,58.5,4
2025-10-05,1387337.0,26.025,62.5,4
2025-10-06,1457263.0,26.6,65.5,4
2025-10-07,1473203.0,27.425,67.0,4
2025-10-08,1457399.0,27.325,63.5,4
2025-10-09,1446342.0,26.85,62.0,4
2025-10-10,1367799.0,25.4,52.75,4
2025-10-11,1303696.0,24.525,50.75,4
2025-10-12,1307207.0,24.75,56.0,4
2025-10-13,1366298.0,24.625,58.75,4
2025-10-14,1351268.0,24.525,60.0,4
2025-10-15,1334764.0,24.275,54.75,4
2025-10-16,1310132.0,23.775,62.5,4
2025-10-17,1384479.0,25.825,65.75,4
2025-10-18,1367849.0,26.9,70.0,4
2025-10-19,1239294.0,23.225,45.25,4
2025-10-20,1324572.0,24.125,55.0,4
2025-10-21,1340756.0,25.375,60.5,4
2025-10-22,1235046.0,22.075,46.25,4
2025-10-23,1289614.0,23.9,65.25,4
2025-10-24,1296458.0,24.275000000000002,76.0,4
2025-10-25,1186791.0,21.275,83.5,4
2025-10-26,1182740.0,20.925,80.0,4
2025-10-27,1275594.0,22.725,78.5,4
2025-10-28,1284812.0,22.85,75.25,4
2025-10-29,1103008.0,15.575,36.25,4
2025-10-30,1102834.0,13.7,44.75,4
2025-10-31,1103034.0,14.7,52.25,4
2025-11-01,1071470.0,15.7,70.5,4
2025-11-02,1102462.0,15.325000000000001,66.25,4
2025-11-03,1126832.0,16.225,60.5,4
2025-11-04,1143746.0,17.55,66.0,4
2025-11-05,1191246.0,19.7,70.25,4
2025-11-06,1233196.0,20.6,73.0,4
2025-11-07,1241084.0,22.3,69.75,4
2025-11-08,1212485.0,21.35,65.25,4
2025-11-09,1125254.0,17.125,41.0,4
2025-11-10,1182715.0,9.55,38.75,4
2025-11-11,1197103.0,12.875,41.5,4
2025-11-12,1190213.0,18.575,67.25,4
2025-11-13,1227096.0,20.85,72.75,4
2025-11-14,1253575.0,22.025,72.0,4
2025-11-15,1242253.0,22.475,71.25,4
2025-11-16,1244228.0,22.725,74.25,4
2025-11-17,1333234.0,24.25,76.25,4
2025-11-18,1337030.0,24.625,76.5,4
2025-11-19,1332151.0,24.5,80.25,4
2025-11-20,1300440.0,23.15,83.5,4
2025-11-21,1273365.0,22.1,83.5,4
2025-11-22,1183140.0,19.400000000000002,68.25,4
2025-11-23,1139275.0,17.075,72.25,4
2025-11-24,1216449.0,20.525,88.0,4
2025-11-25,1214573.0,18.95,71.5,4
2025-11-26,1171040.0,14.674999999999999,55.0,4
2025-11-27,1122298.0,12.65,48.25,4
2025-11-28,1128387.0,13.75,56.5,4
2025-11-29,1146928.0,18.275000000000002,79.5,4
2025-11-30,1215442.0,9.825,63.25,4
2025-12-01,1324050.0,6.35,78.75,4
2025-12-02,1343964.0,6.375,65.25,4
2025-12-03,1286714.0,9.775,80.25,4
2025-12-04,1297112.0,9.8,85.5,4
2025-12-05,,8.275,77.0,4
2025-12-06,1196909.0,12.4,77.75,4
2025-12-07,1165350.0,14.299999999999999,78.75,4
2025-12-08,1266771.0,8.85,65.25,4
2025-12-09,1258567.0,10.0,64.25,4
2025-12-10,1200731.0,13.775,59.75,4
2025-12-11,1182718.0,12.125,50.25,4
2025-12-12,1151801.0,15.8,77.75,4
2025-12-13,1139662.0,17.35,85.5,4
2025-12-14,1232803.0,9.0,69.5,4
2025-12-15,1347087.0,5.45,52.0,4
2025-12-16,1260323.0,10.575,65.25,4
2025-12-17,1152909.0,16.225,93.5,4
2025-12-18,1168588.0,18.425,68.75,4
2025-12-19,1205183.0,12.0,40.25,4
2025-12-20,1159178.0,16.775,77.5,4
2025-12-21,1142550.0,17.625,75.75,4
2025-12-22,1193281.0,19.5,82.25,4
2025-12-23,1213147.0,22.025,82.75,4
2025-12-24,1178925.0,21.1,81.5,4
2025-12-25,1131828.0,20.700000000000003,83.0,4
2025-12-26,1185081.0,22.3,79.5,4
2025-12-27,1184858.0,22.3,80.0,4
2025-12-28,1174602.0,21.525,77.75,4
2025-12-29,1280830.0,7.975,36.0,4
2025-12-30,1295807.0,7.475,37.0,4
2025-12-31,1240488.0,9.6,44.25,4
2026-01-01,1125367.0,13.375,49.75,4
2026-01-02,1129566.0,20.325,49.75,4
2026-01-03,1102313.0,17.725,56.75,4
2026-01-04,1111594.0,12.975,66.75,4
2026-01-05,1170000.0,16.4,81.0,4
2026-01-06,1173556.0,20.15,69.5,4
2026-01-07,1181962.0,18.5,71.75,4
2026-01-08,1192531.0,22.175,71.75,4
2026-01-09,1173324.0,18.5,75.75,4
2026-01-10,1184766.0,11.275,52.5,4
2026-01-11,1224431.0,9.375,37.5,4
2026-01-12,1247192.0,9.875,48.0,4
2026-01-13,1226526.0,10.825,60.25,4
2026-01-14,1205342.0,12.9,53.75,4
2026-01-15,1250167.0,9.775,49.0,4
2026-01-16,1217714.0,12.95,50.25,4
2026-01-17,1294078.0,8.65,27.5,4
2026-01-18,1335753.0,6.1,37.0,4
2026-01-19,1310732.0,8.75,42.75,4
2026-01-20,1299527.0,9.875,54.75,4
2026-01-21,1190188.0,16.225,79.75,4
2026-01-22,1205390.0,14.125,81.5,4
2026-01-23,1254646.0,15.024999999999999,92.75,4
2026-01-24,1500889.0,2.5500000000000003,92.25,4
2026-01-25,1697181.0,-3.75,77.0,4
2026-01-26,1638791.0,-2.625,65.25,4
2026-01-27,1530689.0,0.6,69.75,4
2026-01-28,1403534.0,4.95,69.75,4
2026-01-29,1339614.0,9.25,66.0,4
2026-01-30,1389145.0,7.1,55.0,4
2026-01-31,1512223.0,2.55,50.5,4
2026-02-01,1448720.0,3.3,51.25,4
2026-02-02,1309559.0,10.975,72.25,4
2026-02-03,1168673.0,17.1,76.5,4
2026-02-04,1213780.0,12.35,55.0,4
2026-02-05,1245072.0,11.125,54.25,4
2026-02-06,1180778.0,16.05,39.5,4
2026-02-07,1115404.0,16.375,42.25,4
2026-02-08,1102527.0,17.025,59.25,4
2026-02-09,1148986.0,19.25,65.0,4
2026-02-10,1145201.0,18.85,78.0,4
2026-02-11,1154363.0,17.175,67.75,4
2026-02-12,1165007.0,17.1,66.5,4
2026-02-13,1163408.0,19.925,75.0,4
2026-02-14,1124764.0,18.775,89.75,4
2026-02-15,1094492.0,16.675,69.0,4
2026-02-16,1155481.0,15.35,72.75,4
2026-02-17,1175488.0,19.375,74.25,4
2026-02-18,1179205.0,20.725,73.5,4
2026-02-19,1202695.0,21.95,69.0,4
2026-02-20,1189556.0,18.1,63.25,4
2026-02-21,1144662.0,17.85,51.5,4
2026-02-22,1142734.0,11.125,38.25,4
2026-02-23,1217889.0,10.05,36.0,4
2026-02-24,1205851.0,13.325,49.75,4
2026-02-25,1173539.0,20.25,62.5,4
2026-02-26,1209947.0,21.975,60.5,4
2026-02-27,1202159.0,21.475,53.75,4
2026-02-28,1169376.0,20.825,59.75,4
2026-03-01,1168606.0,21.5,68.0,4
2026-03-02,1221697.0,21.725,69.25,4
2026-03-03,1264333.0,23.425,70.75,4
2026-03-04,1270233.0,23.75,75.75,4
2026-03-05,1276494.0,23.75,74.0,4
2026-03-06,1299125.0,24.425,74.25,4
2026-03-07,1205787.0,20.25,84.0,4
2026-03-08,1074488.0,16.3,81.0,4
2026-03-09,1230209.0,21.950000000000003,84.0,4
2026-03-10,1290273.0,24.175,79.75,4
2026-03-11,1215080.0,21.25,71.25,4
2026-03-12,1123490.0,13.7,43.5,4
2026-03-13,1150029.0,16.275,48.5,4
2026-03-14,1152232.0,20.05,68.75,4
2026-03-15,1188217.0,22.4,61.5,4
2026-03-16,1204803.0,8.775,28.0,4
2026-03-17,1228702.0,9.275,34.5,4
2026-03-18,1165935.0,15.125,52.75,4
2026-03-19,1180206.0,19.175,61.25,4
2026-03-20,1221872.0,21.6,58.75,4
2026-03-21,1246140.0,23.525,60.75,4
2026-03-22,1252481.0,23.95,54.25,4
2026-03-23,1235621.0,21.5,64.5,4
2026-03-24,1254915.0,22.4,66.25,4
2026-03-25,1316614.0,23.775,69.25,4
2026-03-26,1317254.0,23.924999999999997,66.5,4
2026-03-27,1249029.0,21.475,71.0,4
2026-03-28,1120492.0,17.125,57.25,4
2026-03-29,1176853.0,19.625,61.5,4
2026-03-30,1288792.0,23.175,67.0,4
2026-03-31,1321478.0,23.975,68.5,4
2026-04-01,1342390.0,25.075000000000003,69.5,4
2026-04-02,1323120.0,24.1,76.25,4
2026-04-03,1317152.0,24.75,75.75,4
2026-04-04,1193399.0,21.0,79.75,4
2026-04-05,1064965.0,15.850000000000001,58.25,4
2026-04-06,1122265.0,16.6,50.0,4
2026-04-07,1127274.0,17.025,49.25,4
2026-04-08,1177119.0,19.9,61.25,4
2026-04-09,1227567.0,21.5,75.5,4
2026-04-10,1253368.0,21.925,80.75,4
2026-04-11,1227134.0,22.85,82.5,4
2026-04-12,1208206.0,22.2,89.5,4
2026-04-13,1334848.0,24.8,79.75,4
2026-04-14,1331965.0,24.325,77.5,4
2026-04-15,1319387.0,24.05,78.25,4
2026-04-16,1357759.0,24.7,75.75,4
2026-04-17,1344259.0,24.55,75.25,4
2026-04-18,1172314.0,18.25,81.0,4
2026-04-19,1072440.0,14.575,64.0,4
2026-04-20,1110342.0,15.65,75.25,4
2026-04-21,1141223.0,16.9,92.5,4
2026-04-22,1223419.0,21.675,86.75,4
2026-04-23,1290454.0,23.675,80.25,4
2026-04-24,1365523.0,25.875,76.25,4
2026-04-25,1374327.0,26.1,79.25,4
2026-04-26,1366640.0,25.625,82.25,4
2026-04-27,1471113.0,27.025,78.5,4
2026-04-28,1471168.0,26.925,80.75,4
2026-04-29,1325832.0,23.3,84.25,4
2026-04-30,1245074.0,20.15,84.75,4
2026-05-01,1147545.0,16.15,87.25,4
2026-05-02,1112035.0,17.45,64.0,4
2026-05-03,1161438.0,19.575,58.5,4
2026-05-04,1265270.0,21.725,67.75,4
2026-05-05,1366900.0,24.825000000000003,79.75,4
2026-05-06,1298432.0,21.9,83.0,4
2026-05-07,1200031.0,18.475,74.25,4
2026-05-08,1224481.0,20.725,80.25,4
2026-05-09,1365560.0,25.725,77.0,4
2026-05-10,1339499.0,25.0,76.75,4
2026-05-11,1286197.0,22.15,75.25,4
2026-05-12,1336371.0,22.9,69.0,4
2026-05-13,1412930.0,24.75,67.0,4
2026-05-14,1445625.0,25.700000000000003,63.0,4
2026-05-15,1424741.0,25.55,69.75,4
2026-05-16,1417554.0,25.975,70.5,4
2026-05-17,1444099.0,26.925,77.75,4
2026-05-18,1563058.0,28.25,74.0,4
2026-05-19,1470370.0,26.225,80.5,4
2026-05-20,1298131.0,22.675,83.25,4
2026-05-21,1283097.0,23.1,84.75,4
2026-05-22,1395390.0,24.825,78.25,4
2026-05-23,1292950.0,23.625,81.5,4
2026-05-24,1321297.0,24.4,77.25,4
2026-05-25,1371735.0,24.975,75.5,4
2026-05-26,1392205.0,24.5,80.0,4
2026-05-27,1290696.0,22.3,84.0,4
2026-05-28,1407242.0,25.025,75.0,4
2026-05-29,1515385.0,27.075000000000003,74.25,4
2026-05-30,1492257.0,27.125,74.5,4
2026-05-31,1511909.0,27.55,73.75,4
2026-06-01,1577026.0,28.175,73.75,4
2026-06-02,1549937.0,27.5,77.5,4
2026-06-03,1438223.0,25.35,81.75,4
2026-06-04,1452713.0,25.725,82.5,4
2026-06-05,1419051.0,25.85,85.5,4
2026-06-06,1417641.0,26.675,84.0,4
2026-06-07,1469014.0,27.8,81.25,4
2026-06-08,1597673.0,28.275,80.25,4
2026-06-09,1599945.0,28.424999999999997,76.0,4
2026-06-10,1624111.0,28.85,75.0,4
2026-06-11,1644807.0,29.2,75.5,4
2026-06-12,1610795.0,28.675,78.5,4
2026-06-13,1580203.0,28.525,75.0,4
2026-06-14,1507573.0,27.625,83.0,4
2026-06-15,1444358.0,25.45,88.75,4
2026-06-16,1494865.0,26.6,83.5,4
2026-06-17,1578445.0,27.725,79.25,4
2026-06-18,1679235.0,29.875,77.5,4
2026-06-19,1550387.0,27.975,81.75,4
2026-06-20,1473398.0,26.8,84.0,4
2026-06-21,1525849.0,27.825,81.75,4
2026-06-22,1676765.0,29.6,75.75,4
2026-06-23,1663688.0,29.425,74.5,4
2026-06-24,1654321.0,29.0,72.75,4
2026-06-25,1626048.0,28.275,71.75,4
2026-06-26,1662210.0,29.3,70.75,4
2026-06-27,1653978.0,29.5,69.75,4
2026-06-28,1667209.0,29.925,69.25,4
2026-06-29,1712072.0,30.15,67.25,4
2026-06-30,1680771.0,29.4,68.25,4
2026-07-01,1670661.0,29.525,68.75,4
2026-07-02,1667769.0,29.3,68.25,4
2026-07-03,1659658.0,29.775,67.75,4
2026-07-04,1660582.0,30.25,65.25,4
2026-07-05,1626991.0,29.700000000000003,66.75,4
2026-07-06,1657340.0,29.35,66.25,4
2026-07-07,1664916.0,29.05,68.5,4
2026-07-08,1688148.0,29.85,66.5,4
2026-07-09,1703966.0,30.224999999999998,61.75,4
2026-07-10,1665052.0,29.275,66.25,4
2026-07-11,1589800.0,27.925,77.25,4
2026-07-12,1572489.0,28.425,76.0,4
2026-07-13,1535164.0,27.15,82.25,4
2026-07-14,1470884.0,25.475,89.25,4
2026-07-15,1432670.0,24.95,88.25,4
2026-07-16,1512685.0,26.9,82.5,4
2026-07-17,1598020.0,28.775,75.0,4
2026-07-18,1620841.0,29.45,72.0,4
2026-07-19,1634601.0,29.549999999999997,71.25,4
2026-07-20,1702475.0,29.875,68.25,4
2026-07-21,1732128.0,30.55,64.0,4
2026-07-22,1811790.0,32.35,60.25,4
2026-07-23,1731429.0,30.775,65.5,4
2026-07-24,1696061.0,29.575,72.25,4
2026-07-25,1677679.0,29.775,66.5,4
2026-07-26,1679496.0,29.875,64.75,4
2026-07-27,1750617.0,30.45,62.5,4
2026-07-28,1758574.0,30.3,65.5,4
2026-07-29,1766172.0,30.425,66.0,4
2026-07-30,1782248.0,30.9,64.0,4
2026-07-31,1782810.0,30.85,62.75,4
2026-08-01,1686961.0,30.2,63.25,4
2026-08-02,1645458.0,30.4,53.75,4
2026-08-03,1712438.0,30.35,55.0,4
2026-08-04,1742501.0,30.625,62.75,4
2026-08-05,1758263.0,30.8,63.25,4
2026-08-06,1752512.0,30.7,63.75,4
2026-08-07,1745914.0,30.575,64.0,4
2026-08-08,1687423.0,29.9,64.0,4
2026-08-09,1675542.0,29.9,65.75,4
2026-08-10,1701318.0,29.625,70.0,4
2026-08-11,1743037.0,30.65,65.5,4
2026-08-12,1794425.0,31.45,62.5,4
2026-08-13,1802344.0,31.6,59.75,4
2026-08-14,1781526.0,30.675,65.25,4
2026-08-15,1766862.0,31.375,63.0,4
2026-08-16,1722417.0,30.775,58.75,4
2026-08-17,1756921.0,31.1,55.5,4
2026-08-18,1796390.0,31.65,57.0,4
2026-08-19,1807493.0,31.825,54.5,4
2026-08-20,1819336.0,31.825,58.5,4
2026-08-21,1821273.0,32.0,58.0,4
2026-08-22,1786291.0,32.55,53.5,4
2026-08-23,1769814.0,32.8,48.5,4
2026-08-24,1824780.0,32.3,49.25,4
2026-08-25,1788478.0,31.25,54.5,4
2026-08-26,1780328.0,31.775,56.5,4
2026-08-27,1780444.0,31.075,59.75,4
2026-08-28,1738300.0,29.75,66.0,4
2026-08-29,1700096.0,30.0,63.0,4
2026-08-30,1723808.0,30.650000000000002,60.25,4
2026-08-31,1761163.0,30.6,61.75,4
