origin,target,horizon,coherent_daily_mwh
2026-08-31,2026-09-01,1,1723808.0
2026-08-31,2026-09-02,2,1723808.0
2026-08-31,2026-09-03,3,1723808.0
2026-08-31,2026-09-04,4,1723808.0
2026-08-31,2026-09-05,5,1723808.0
2026-08-31,2026-09-06,6,1723808.0
2026-08-31,2026-09-07,7,1723808.0
2026-08-31,2026-09-08,8,1723808.0
2026-08-31,2026-09-09,9,1723808.0
2026-08-31,2026-09-10,10,1723808.0
2026-08-31,2026-09-11,11,1723808.0
2026-08-31,2026-09-12,12,1723808.0
2026-08-31,2026-09-13,13,1723808.0
2026-08-31,2026-09-14,14,1723808.0
2026-08-31,2026-09-15,15,1723808.0
2026-08-31,2026-09-16,16,1723808.0
2026-08-31,2026-09-17,17,1723808.0
2026-08-31,2026-09-18,18,1723808.0
2026-08-31,2026-09-19,19,1723808.0
2026-08-31,2026-09-20,20,1723808.0
2026-08-31,2026-09-21,21,1723808.0
2026-08-31,2026-09-22,22,1723808.0
2026-08-31,2026-09-23,23,1723808.0
2026-08-31,2026-09-24,24,1723808.0
2026-08-31,2026-09-25,25,1723808.0
2026-08-31,2026-09-26,26,1723808.0
2026-08-31,2026-09-27,27,1723808.0
2026-08-31,2026-09-28,28,1723808.0
2026-08-31,2026-09-29,29,1723808.0
2026-08-31,2026-09-30,30,1723808.0
2026-08-31,2026-10-01,31,1723808.0
