scale,origin,start,end,days,actual,seasonal_naive,ridge_calendar,trees_calendar,trees_weather,oracle_weather_diagnostic,selected_model,prediction,lower_90,upper_90,interval_halfwidth,abs_error_mwh
monthly,2024-12-31,2025-01-01,2025-01-31,31,40434798.0,33099354.0,35034954.6067443,36868013.51201683,36640397.20395921,38746486.08713095,ridge_calendar,35034954.6067443,30710346.21858567,39359562.99490292,4324608.388158627,5399843.393255703
monthly,2025-02-28,2025-03-01,2025-03-31,31,34699635.0,38645371.0,37220813.96986067,35168229.166942835,34202752.269268036,34296252.63891255,ridge_calendar,37220813.96986067,32896205.581702046,41545422.3580193,4324608.388158627,2521178.969860673
monthly,2025-01-31,2025-02-01,2025-02-28,28,34642466.0,33948268.0,32161264.668942552,32114144.743724775,31601509.986235164,32718679.247801505,ridge_calendar,32161264.668942552,27836656.280783925,36485873.057101175,4324608.388158627,2481201.331057448
weekly,2025-02-16,2025-02-17,2025-02-23,7,10266343.0,8631875.0,8093212.464756926,7930206.920071009,7733315.503013442,9198967.44798134,ridge_calendar,8093212.464756926,7122028.764050401,9064396.165463451,971183.7007065248,2173130.5352430744
weekly,2025-01-05,2025-01-06,2025-01-12,7,10068612.0,7621904.0,7924595.268709423,8257273.436239188,7959683.176433817,9506679.912304172,ridge_calendar,7924595.268709423,6953411.568002898,8895778.969415948,971183.7007065248,2144016.731290577
weekly,2025-01-19,2025-01-20,2025-01-26,7,10070241.0,8712762.0,8269776.631657043,8213974.916421294,8212376.627676026,9418937.19282221,ridge_calendar,8269776.631657043,7298592.930950518,9240960.332363568,971183.7007065248,1800464.3683429575
monthly,2025-05-31,2025-06-01,2025-06-30,30,45175351.0,41833004.0,43430819.59162119,45680608.16019682,44174024.78217329,43801551.100205295,ridge_calendar,43430819.59162119,39106211.20346256,47755427.97977982,4324608.388158627,1744531.4083788097
monthly,2025-09-30,2025-10-01,2025-10-31,31,40967380.0,44186014.0,42388823.375323154,39877684.22656948,38542476.65355569,39206278.17550591,ridge_calendar,42388823.375323154,38064214.98716453,46713431.76348178,4324608.388158627,1421443.375323154
weekly,2025-02-23,2025-02-24,2025-03-02,7,7637668.0,10290712.0,8838657.241111131,7979394.93275068,7757739.173570618,7557349.3279553335,ridge_calendar,8838657.241111131,7867473.540404607,9809840.941817656,971183.7007065248,1200989.2411111314
weekly,2025-05-04,2025-05-05,2025-05-11,7,8220821.0,8746196.0,9076122.591457102,9234359.425681213,8828279.091709765,8070409.179072148,ridge_calendar,9076122.591457102,8104938.890750578,10047306.292163627,971183.7007065248,855301.5914571024
daily,2025-02-18,2025-02-19,2025-02-19,1,1724708.0,1253392.0,1202443.7118875342,1141088.8943977463,1146022.010701857,1514340.7195641445,ridge_calendar,1202443.7118875342,1067851.5329945392,1337035.8907805292,134592.178892995,522264.28811246576
daily,2025-02-19,2025-02-20,2025-02-20,1,1703254.0,1391105.0,1207246.1806802817,1144502.1002143295,1107033.217386997,1522312.1562810417,ridge_calendar,1207246.1806802817,1072654.0017872867,1341838.3595732767,134592.178892995,496007.8193197183
daily,2025-01-19,2025-01-20,2025-01-20,1,1674205.0,1283509.0,1186566.1774471782,1218383.8413916605,1335250.5806998417,1543517.8483234746,ridge_calendar,1186566.1774471782,1051973.9985541832,1321158.3563401732,134592.178892995,487638.82255282183
daily,2025-01-20,2025-01-21,2025-01-21,1,1647906.0,1316513.0,1245601.4435582892,1213070.559641887,1333852.38141479,1565430.8299945977,ridge_calendar,1245601.4435582892,1111009.2646652942,1380193.6224512842,134592.178892995,402304.5564417108
daily,2025-02-20,2025-02-21,2025-02-21,1,1621566.0,1307089.0,1295903.3531159363,1144502.1002143295,1119987.3124392827,1410147.4713052246,ridge_calendar,1295903.3531159363,1161311.1742229413,1430495.5320089313,134592.178892995,325662.6468840637
