origin,target,horizon,forecast_mwh
2025-12-31,2026-01-01,1,1259020.137929966
2025-12-31,2026-01-02,2,1268003.3673249113
2025-12-31,2026-01-03,3,1222842.8960646691
2025-12-31,2026-01-04,4,1220717.1668105586
2025-12-31,2026-01-05,5,1266917.72999321
2025-12-31,2026-01-06,6,1264874.776604766
2025-12-31,2026-01-07,7,1262873.835007892
2025-12-31,2026-01-08,8,1260915.304573078
2025-12-31,2026-01-09,9,1258999.5721206688
2025-12-31,2026-01-10,10,1214133.009379654
2025-12-31,2026-01-11,11,1212303.9825839256
2025-12-31,2026-01-12,12,1258803.9543650837
2025-12-31,2026-01-13,13,1257063.0271154495
2025-12-31,2026-01-14,14,1255366.639823294
2025-12-31,2026-01-15,15,1253715.1017365893
2025-12-31,2026-01-16,16,1252108.7088317056
2025-12-31,2026-01-17,17,1207553.741299083
2025-12-31,2026-01-18,18,1206038.4731665784
2025-12-31,2026-01-19,19,1241664.2847643883
2025-12-31,2026-01-20,20,1251431.1533913733
2025-12-31,2026-01-21,21,1250054.4556262693
2025-12-31,2026-01-22,22,1248724.395570941
2025-12-31,2026-01-23,23,1247441.1740712372
2025-12-31,2026-01-24,24,1203210.97568598
2025-12-31,2026-01-25,25,1202021.9783386106
2025-12-31,2026-01-26,26,1249165.4552657183
2025-12-31,2026-01-27,27,1248071.3184360985
2025-12-31,2026-01-28,28,1247024.8154423311
2025-12-31,2026-01-29,29,1246026.0632211687
2025-12-31,2026-01-30,30,1245075.1645791414
2025-12-31,2026-01-31,31,1201178.205735391
