scale,origin,start,end,days,actual,repeat_week,persistence,ridge_100_weather
daily,2024-12-31,2025-01-01,2025-01-01,1,1086807.0,1018790.0,1100926.0,1178655.0536770583
daily,2025-01-01,2025-01-02,2025-01-02,1,1147154.0,1077305.0,1075203.0,1228509.19733666
daily,2025-01-02,2025-01-03,2025-01-03,1,1106968.0,1093843.0,1086807.0,1228986.9025405345
daily,2025-01-03,2025-01-04,2025-01-04,1,1065018.0,1079096.0,1147154.0,1192264.2520655408
daily,2025-01-04,2025-01-05,2025-01-05,1,1136098.0,1039828.0,1106968.0,1163182.339347632
daily,2025-01-05,2025-01-06,2025-01-06,1,1457315.0,1100926.0,1065018.0,1182790.8233447005
daily,2025-01-06,2025-01-07,2025-01-07,1,1463131.0,1075203.0,1136098.0,1222567.3010172453
daily,2025-01-07,2025-01-08,2025-01-08,1,1485726.0,1086807.0,1457315.0,1274069.165996106
daily,2025-01-08,2025-01-09,2025-01-09,1,1508685.0,1147154.0,1463131.0,1259285.1211783362
daily,2025-01-09,2025-01-10,2025-01-10,1,1522174.0,1106968.0,1485726.0,1266782.6404811188
daily,2025-01-10,2025-01-11,2025-01-11,1,1383920.0,1065018.0,1508685.0,1251155.510513884
daily,2025-01-11,2025-01-12,2025-01-12,1,1247661.0,1136098.0,1522174.0,1273920.9684767155
daily,2025-01-12,2025-01-13,2025-01-13,1,1283509.0,1457315.0,1383920.0,1309730.3198031362
daily,2025-01-13,2025-01-14,2025-01-14,1,1316513.0,1463131.0,1247661.0,1234723.7126143866
daily,2025-01-14,2025-01-15,2025-01-15,1,1242465.0,1485726.0,1283509.0,1243314.5653233763
daily,2025-01-15,2025-01-16,2025-01-16,1,1229520.0,1508685.0,1316513.0,1252596.86248038
daily,2025-01-16,2025-01-17,2025-01-17,1,1211209.0,1522174.0,1242465.0,1199255.125364849
daily,2025-01-17,2025-01-18,2025-01-18,1,1181885.0,1383920.0,1229520.0,1104907.493127017
daily,2025-01-18,2025-01-19,2025-01-19,1,1483428.0,1247661.0,1211209.0,1144585.308501595
daily,2025-01-19,2025-01-20,2025-01-20,1,1674205.0,1283509.0,1181885.0,1253038.140764398
daily,2025-01-20,2025-01-21,2025-01-21,1,1647906.0,1316513.0,1483428.0,1335038.3772992506
daily,2025-01-21,2025-01-22,2025-01-22,1,1549289.0,1242465.0,1674205.0,1333541.4023797463
daily,2025-01-22,2025-01-23,2025-01-23,1,1400399.0,1229520.0,1647906.0,1333035.5950032133
daily,2025-01-23,2025-01-24,2025-01-24,1,1374893.0,1211209.0,1549289.0,1297038.311464074
daily,2025-01-24,2025-01-25,2025-01-25,1,1264284.0,1181885.0,1400399.0,1221294.3574587116
daily,2025-01-25,2025-01-26,2025-01-26,1,1159265.0,1483428.0,1374893.0,1216411.013664358
daily,2025-01-26,2025-01-27,2025-01-27,1,1250717.0,1674205.0,1264284.0,1216968.3805277268
daily,2025-01-27,2025-01-28,2025-01-28,1,1197092.0,1647906.0,1159265.0,1170887.8237738123
daily,2025-01-28,2025-01-29,2025-01-29,1,1139746.0,1549289.0,1250717.0,1198578.5236058405
daily,2025-01-29,2025-01-30,2025-01-30,1,1101070.0,1400399.0,1197092.0,1203303.3914965175
daily,2025-01-30,2025-01-31,2025-01-31,1,1116746.0,1374893.0,1139746.0,1204934.0780691786
daily,2025-01-31,2025-02-01,2025-02-01,1,1100027.0,1264284.0,1101070.0,1147904.016425376
daily,2025-02-01,2025-02-02,2025-02-02,1,1066478.0,1159265.0,1116746.0,1140837.562484162
daily,2025-02-02,2025-02-03,2025-02-03,1,1113320.0,1250717.0,1100027.0,1196234.9867524563
daily,2025-02-03,2025-02-04,2025-02-04,1,1120311.0,1197092.0,1066478.0,1160850.7874618901
daily,2025-02-04,2025-02-05,2025-02-05,1,1134444.0,1139746.0,1113320.0,1206505.0008742968
daily,2025-02-05,2025-02-06,2025-02-06,1,1144869.0,1101070.0,1120311.0,1200812.207756105
daily,2025-02-06,2025-02-07,2025-02-07,1,1149772.0,1116746.0,1134444.0,1208116.9793209054
daily,2025-02-07,2025-02-08,2025-02-08,1,1152232.0,1100027.0,1144869.0,1191643.294475939
daily,2025-02-08,2025-02-09,2025-02-09,1,1126918.0,1066478.0,1149772.0,1158014.6989494173
daily,2025-02-09,2025-02-10,2025-02-10,1,1190852.0,1113320.0,1152232.0,1235635.1629078868
daily,2025-02-10,2025-02-11,2025-02-11,1,1221131.0,1120311.0,1126918.0,1265820.5627951392
daily,2025-02-11,2025-02-12,2025-02-12,1,1253392.0,1134444.0,1190852.0,1296854.6678902216
daily,2025-02-12,2025-02-13,2025-02-13,1,1391105.0,1144869.0,1221131.0,1309953.4645180886
daily,2025-02-13,2025-02-14,2025-02-14,1,1307089.0,1149772.0,1253392.0,1287137.1421732733
daily,2025-02-14,2025-02-15,2025-02-15,1,1141388.0,1152232.0,1391105.0,1253556.8031553186
daily,2025-02-15,2025-02-16,2025-02-16,1,1236095.0,1126918.0,1307089.0,1236590.4948556332
daily,2025-02-16,2025-02-17,2025-02-17,1,1281973.0,1190852.0,1141388.0,1210156.4636890641
daily,2025-02-17,2025-02-18,2025-02-18,1,1281257.0,1221131.0,1236095.0,1282834.2374097055
daily,2025-02-18,2025-02-19,2025-02-19,1,1724708.0,1253392.0,1281973.0,1281295.9988352829
daily,2025-02-19,2025-02-20,2025-02-20,1,1703254.0,1391105.0,1281257.0,1226203.9383520852
daily,2025-02-20,2025-02-21,2025-02-21,1,1621566.0,1307089.0,1724708.0,1253666.473354795
daily,2025-02-21,2025-02-22,2025-02-22,1,1441859.0,1141388.0,1703254.0,1182183.4647859077
daily,2025-02-22,2025-02-23,2025-02-23,1,1211726.0,1236095.0,1621566.0,1201907.5412854422
daily,2025-02-23,2025-02-24,2025-02-24,1,1156166.0,1281973.0,1441859.0,1219238.052725754
daily,2025-02-24,2025-02-25,2025-02-25,1,1102015.0,1281257.0,1211726.0,1175057.181323574
daily,2025-02-25,2025-02-26,2025-02-26,1,1099412.0,1724708.0,1156166.0,1143428.9959130392
daily,2025-02-26,2025-02-27,2025-02-27,1,1076161.0,1703254.0,1102015.0,1053271.7252118983
daily,2025-02-27,2025-02-28,2025-02-28,1,1092946.0,1621566.0,1099412.0,1076204.1420962203
daily,2025-02-28,2025-03-01,2025-03-01,1,1059205.0,1441859.0,1076161.0,1041157.6395754758
daily,2025-03-01,2025-03-02,2025-03-02,1,1051763.0,1211726.0,1092946.0,1027457.7782778478
daily,2025-03-02,2025-03-03,2025-03-03,1,1130424.0,1156166.0,1059205.0,1104013.1989444827
daily,2025-03-03,2025-03-04,2025-03-04,1,1094259.0,1102015.0,1051763.0,1123338.8564480734
daily,2025-03-04,2025-03-05,2025-03-05,1,1088743.0,1099412.0,1130424.0,1134143.2018416356
daily,2025-03-05,2025-03-06,2025-03-06,1,1121855.0,1076161.0,1094259.0,1133764.9976455308
daily,2025-03-06,2025-03-07,2025-03-07,1,1116479.0,1092946.0,1088743.0,1142993.503370046
daily,2025-03-07,2025-03-08,2025-03-08,1,1127286.0,1059205.0,1121855.0,1095754.5893851698
daily,2025-03-08,2025-03-09,2025-03-09,1,1052238.0,1051763.0,1116479.0,1085001.5266646605
daily,2025-03-09,2025-03-10,2025-03-10,1,1124589.0,1130424.0,1127286.0,1135525.4468936871
daily,2025-03-10,2025-03-11,2025-03-11,1,1108907.0,1094259.0,1052238.0,1113120.7055879442
daily,2025-03-11,2025-03-12,2025-03-12,1,1133372.0,1088743.0,1124589.0,1139497.0829744968
daily,2025-03-12,2025-03-13,2025-03-13,1,1157474.0,1121855.0,1108907.0,1132394.9767036387
daily,2025-03-13,2025-03-14,2025-03-14,1,1184770.0,1116479.0,1133372.0,1136839.84582995
daily,2025-03-14,2025-03-15,2025-03-15,1,1060862.0,1127286.0,1157474.0,1094445.6812200523
daily,2025-03-15,2025-03-16,2025-03-16,1,1027979.0,1052238.0,1184770.0,1080702.5676753693
daily,2025-03-16,2025-03-17,2025-03-17,1,1115239.0,1124589.0,1060862.0,1085392.3065511829
daily,2025-03-17,2025-03-18,2025-03-18,1,1142457.0,1108907.0,1027979.0,1107588.3951083678
daily,2025-03-18,2025-03-19,2025-03-19,1,1111381.0,1133372.0,1115239.0,1152228.1963234683
daily,2025-03-19,2025-03-20,2025-03-20,1,1072400.0,1157474.0,1142457.0,1172211.548271709
daily,2025-03-20,2025-03-21,2025-03-21,1,1092193.0,1184770.0,1111381.0,1154188.6741738343
daily,2025-03-21,2025-03-22,2025-03-22,1,1090607.0,1060862.0,1072400.0,1077304.688679062
daily,2025-03-22,2025-03-23,2025-03-23,1,1138487.0,1027979.0,1092193.0,1095431.9934707682
daily,2025-03-23,2025-03-24,2025-03-24,1,1154095.0,1115239.0,1090607.0,1151768.081888899
daily,2025-03-24,2025-03-25,2025-03-25,1,1207898.0,1142457.0,1138487.0,1169696.1169724383
daily,2025-03-25,2025-03-26,2025-03-26,1,1179864.0,1111381.0,1154095.0,1153164.1290607767
daily,2025-03-26,2025-03-27,2025-03-27,1,1113140.0,1072400.0,1207898.0,1194766.7905197025
daily,2025-03-27,2025-03-28,2025-03-28,1,1108559.0,1092193.0,1179864.0,1141124.174407568
daily,2025-03-28,2025-03-29,2025-03-29,1,1173990.0,1090607.0,1113140.0,1078468.8512778326
daily,2025-03-29,2025-03-30,2025-03-30,1,1173864.0,1138487.0,1108559.0,1105362.2882799304
daily,2025-03-30,2025-03-31,2025-03-31,1,1185256.0,1154095.0,1173990.0,1141501.8575784906
daily,2025-03-31,2025-04-01,2025-04-01,1,1199867.0,1207898.0,1173864.0,1120104.849321423
daily,2025-04-01,2025-04-02,2025-04-02,1,1251896.0,1179864.0,1185256.0,1138736.578970003
daily,2025-04-02,2025-04-03,2025-04-03,1,1261337.0,1113140.0,1199867.0,1160611.7347331354
daily,2025-04-03,2025-04-04,2025-04-04,1,1240545.0,1108559.0,1251896.0,1170455.9230596756
daily,2025-04-04,2025-04-05,2025-04-05,1,1148242.0,1173990.0,1261337.0,1158742.5171526922
daily,2025-04-05,2025-04-06,2025-04-06,1,1103017.0,1173864.0,1240545.0,1146052.8773641726
daily,2025-04-06,2025-04-07,2025-04-07,1,1101862.0,1185256.0,1148242.0,1170130.7174134206
daily,2025-04-07,2025-04-08,2025-04-08,1,1106234.0,1199867.0,1103017.0,1167703.5497512426
daily,2025-04-08,2025-04-09,2025-04-09,1,1128619.0,1251896.0,1101862.0,1191980.7571399685
daily,2025-04-09,2025-04-10,2025-04-10,1,1178533.0,1261337.0,1106234.0,1176477.205192681
daily,2025-04-10,2025-04-11,2025-04-11,1,1190306.0,1240545.0,1128619.0,1170498.4746223686
daily,2025-04-11,2025-04-12,2025-04-12,1,1166309.0,1148242.0,1178533.0,1157273.2152439787
daily,2025-04-12,2025-04-13,2025-04-13,1,1219633.0,1103017.0,1190306.0,1104176.7447769407
daily,2025-04-13,2025-04-14,2025-04-14,1,1272661.0,1101862.0,1166309.0,1100160.5879768918
daily,2025-04-14,2025-04-15,2025-04-15,1,1178319.0,1106234.0,1219633.0,1155709.311440555
daily,2025-04-15,2025-04-16,2025-04-16,1,1218437.0,1128619.0,1272661.0,1193003.6885845447
daily,2025-04-16,2025-04-17,2025-04-17,1,1269757.0,1178533.0,1178319.0,1183256.328056151
daily,2025-04-17,2025-04-18,2025-04-18,1,1283826.0,1190306.0,1218437.0,1168125.1828524664
daily,2025-04-18,2025-04-19,2025-04-19,1,1206502.0,1166309.0,1269757.0,1158373.6369704858
daily,2025-04-19,2025-04-20,2025-04-20,1,1164313.0,1219633.0,1283826.0,1167494.912085341
daily,2025-04-20,2025-04-21,2025-04-21,1,1203414.0,1272661.0,1206502.0,1181481.5213018022
daily,2025-04-21,2025-04-22,2025-04-22,1,1280596.0,1178319.0,1164313.0,1182541.3751081913
daily,2025-04-22,2025-04-23,2025-04-23,1,1249686.0,1218437.0,1203414.0,1199670.022210083
daily,2025-04-23,2025-04-24,2025-04-24,1,1240716.0,1269757.0,1280596.0,1242905.1146748865
daily,2025-04-24,2025-04-25,2025-04-25,1,1256501.0,1283826.0,1249686.0,1226063.494454412
daily,2025-04-25,2025-04-26,2025-04-26,1,1242288.0,1206502.0,1240716.0,1199164.4091781683
daily,2025-04-26,2025-04-27,2025-04-27,1,1270821.0,1164313.0,1256501.0,1211237.5681040473
daily,2025-04-27,2025-04-28,2025-04-28,1,1323819.0,1203414.0,1242288.0,1285224.981189403
daily,2025-04-28,2025-04-29,2025-04-29,1,1309069.0,1280596.0,1270821.0,1269919.478831861
daily,2025-04-29,2025-04-30,2025-04-30,1,1268209.0,1249686.0,1323819.0,1287099.4988663914
daily,2025-04-30,2025-05-01,2025-05-01,1,1270303.0,1240716.0,1309069.0,1291080.617102474
daily,2025-05-01,2025-05-02,2025-05-02,1,1198016.0,1256501.0,1268209.0,1295636.859894053
daily,2025-05-02,2025-05-03,2025-05-03,1,1105959.0,1242288.0,1270303.0,1270093.2993997536
daily,2025-05-03,2025-05-04,2025-05-04,1,1112078.0,1270821.0,1198016.0,1246744.5638865277
daily,2025-05-04,2025-05-05,2025-05-05,1,1151822.0,1323819.0,1105959.0,1265432.2956825371
daily,2025-05-05,2025-05-06,2025-05-06,1,1182776.0,1309069.0,1112078.0,1263813.17098921
daily,2025-05-06,2025-05-07,2025-05-07,1,1221006.0,1268209.0,1151822.0,1298137.4430128755
daily,2025-05-07,2025-05-08,2025-05-08,1,1216837.0,1270303.0,1182776.0,1321841.6348606863
daily,2025-05-08,2025-05-09,2025-05-09,1,1188992.0,1198016.0,1221006.0,1308273.3482387096
daily,2025-05-09,2025-05-10,2025-05-10,1,1146976.0,1105959.0,1216837.0,1210305.1870546169
daily,2025-05-10,2025-05-11,2025-05-11,1,1112412.0,1112078.0,1188992.0,1201385.0794135628
daily,2025-05-11,2025-05-12,2025-05-12,1,1242959.0,1151822.0,1146976.0,1245537.452726346
daily,2025-05-12,2025-05-13,2025-05-13,1,1395742.0,1182776.0,1112412.0,1235609.9146567418
daily,2025-05-13,2025-05-14,2025-05-14,1,1482292.0,1221006.0,1242959.0,1305465.6991966225
daily,2025-05-14,2025-05-15,2025-05-15,1,1464920.0,1216837.0,1395742.0,1359856.3495184123
daily,2025-05-15,2025-05-16,2025-05-16,1,1470392.0,1188992.0,1482292.0,1353346.7290820119
daily,2025-05-16,2025-05-17,2025-05-17,1,1451373.0,1146976.0,1464920.0,1327883.5224365443
daily,2025-05-17,2025-05-18,2025-05-18,1,1419442.0,1112412.0,1470392.0,1341746.4438361905
daily,2025-05-18,2025-05-19,2025-05-19,1,1467257.0,1242959.0,1451373.0,1408016.9047980956
daily,2025-05-19,2025-05-20,2025-05-20,1,1437151.0,1395742.0,1419442.0,1413075.010064325
daily,2025-05-20,2025-05-21,2025-05-21,1,1382622.0,1482292.0,1467257.0,1439672.9999618535
daily,2025-05-21,2025-05-22,2025-05-22,1,1478856.0,1464920.0,1437151.0,1430042.111541245
daily,2025-05-22,2025-05-23,2025-05-23,1,1511983.0,1470392.0,1382622.0,1416914.2339709725
daily,2025-05-23,2025-05-24,2025-05-24,1,1520807.0,1451373.0,1478856.0,1401173.288848331
daily,2025-05-24,2025-05-25,2025-05-25,1,1512448.0,1419442.0,1511983.0,1381560.683127375
daily,2025-05-25,2025-05-26,2025-05-26,1,1344864.0,1467257.0,1520807.0,1429080.5726878387
daily,2025-05-26,2025-05-27,2025-05-27,1,1346311.0,1437151.0,1512448.0,1471327.3428818572
daily,2025-05-27,2025-05-28,2025-05-28,1,1311095.0,1382622.0,1344864.0,1416989.6002378145
daily,2025-05-28,2025-05-29,2025-05-29,1,1387867.0,1478856.0,1346311.0,1415343.8520412033
daily,2025-05-29,2025-05-30,2025-05-30,1,1320531.0,1511983.0,1311095.0,1397633.1786617897
daily,2025-05-30,2025-05-31,2025-05-31,1,1339133.0,1520807.0,1387867.0,1382228.509220389
daily,2025-05-31,2025-06-01,2025-06-01,1,1396345.0,1512448.0,1320531.0,1366965.418812448
daily,2025-06-01,2025-06-02,2025-06-02,1,1510121.0,1344864.0,1339133.0,1438653.4789899965
daily,2025-06-02,2025-06-03,2025-06-03,1,1505889.0,1346311.0,1396345.0,1443504.8689590215
daily,2025-06-03,2025-06-04,2025-06-04,1,1434459.0,1311095.0,1510121.0,1470237.4036884436
daily,2025-06-04,2025-06-05,2025-06-05,1,1488771.0,1387867.0,1505889.0,1468890.424727548
daily,2025-06-05,2025-06-06,2025-06-06,1,1558028.0,1320531.0,1434459.0,1477236.3615047606
daily,2025-06-06,2025-06-07,2025-06-07,1,1540018.0,1339133.0,1488771.0,1466777.4782962159
daily,2025-06-07,2025-06-08,2025-06-08,1,1542814.0,1396345.0,1558028.0,1496790.212653415
daily,2025-06-08,2025-06-09,2025-06-09,1,1512008.0,1510121.0,1540018.0,1561150.149924925
daily,2025-06-09,2025-06-10,2025-06-10,1,1446184.0,1505889.0,1542814.0,1546224.8996830164
daily,2025-06-10,2025-06-11,2025-06-11,1,1349409.0,1434459.0,1512008.0,1522484.4090134553
daily,2025-06-11,2025-06-12,2025-06-12,1,1326795.0,1488771.0,1446184.0,1507381.2483525341
daily,2025-06-12,2025-06-13,2025-06-13,1,1466280.0,1558028.0,1349409.0,1499750.1399183446
daily,2025-06-13,2025-06-14,2025-06-14,1,1494536.0,1540018.0,1326795.0,1465701.2302556832
daily,2025-06-14,2025-06-15,2025-06-15,1,1407728.0,1542814.0,1466280.0,1508207.589407079
daily,2025-06-15,2025-06-16,2025-06-16,1,1479755.0,1512008.0,1494536.0,1563084.4279721093
daily,2025-06-16,2025-06-17,2025-06-17,1,1556901.0,1446184.0,1407728.0,1528051.4838754882
daily,2025-06-17,2025-06-18,2025-06-18,1,1577424.0,1349409.0,1479755.0,1553515.992912493
daily,2025-06-18,2025-06-19,2025-06-19,1,1594402.0,1326795.0,1556901.0,1531665.4329146256
daily,2025-06-19,2025-06-20,2025-06-20,1,1609959.0,1466280.0,1577424.0,1573964.7869515098
daily,2025-06-20,2025-06-21,2025-06-21,1,1552217.0,1494536.0,1594402.0,1557427.1868504747
daily,2025-06-21,2025-06-22,2025-06-22,1,1538952.0,1407728.0,1609959.0,1536329.2582132667
daily,2025-06-22,2025-06-23,2025-06-23,1,1584631.0,1479755.0,1552217.0,1580103.2740687407
daily,2025-06-23,2025-06-24,2025-06-24,1,1559157.0,1556901.0,1538952.0,1579462.8862267004
daily,2025-06-24,2025-06-25,2025-06-25,1,1502732.0,1577424.0,1584631.0,1605932.5119071684
daily,2025-06-25,2025-06-26,2025-06-26,1,1513894.0,1594402.0,1559157.0,1604634.410070198
daily,2025-06-26,2025-06-27,2025-06-27,1,1536061.0,1609959.0,1502732.0,1583605.3282374083
daily,2025-06-27,2025-06-28,2025-06-28,1,1550787.0,1552217.0,1513894.0,1532658.713382697
daily,2025-06-28,2025-06-29,2025-06-29,1,1515245.0,1538952.0,1536061.0,1538742.2791291187
daily,2025-06-29,2025-06-30,2025-06-30,1,1523849.0,1584631.0,1550787.0,1591595.1462617647
daily,2025-06-30,2025-07-01,2025-07-01,1,1487581.0,1559157.0,1515245.0,1596315.5998314375
daily,2025-07-01,2025-07-02,2025-07-02,1,1514389.0,1502732.0,1523849.0,1597629.7087323435
daily,2025-07-02,2025-07-03,2025-07-03,1,1440660.0,1513894.0,1487581.0,1580164.4613428265
daily,2025-07-03,2025-07-04,2025-07-04,1,1393586.0,1536061.0,1514389.0,1565040.6839016771
daily,2025-07-04,2025-07-05,2025-07-05,1,1379986.0,1550787.0,1440660.0,1538335.6879547753
daily,2025-07-05,2025-07-06,2025-07-06,1,1407855.0,1515245.0,1393586.0,1500151.9962840923
daily,2025-07-06,2025-07-07,2025-07-07,1,1502122.0,1523849.0,1379986.0,1544271.5886276176
daily,2025-07-07,2025-07-08,2025-07-08,1,1491609.0,1487581.0,1407855.0,1561569.0175692055
daily,2025-07-08,2025-07-09,2025-07-09,1,1469181.0,1514389.0,1502122.0,1597531.2847246644
daily,2025-07-09,2025-07-10,2025-07-10,1,1523856.0,1440660.0,1491609.0,1609702.8714556263
daily,2025-07-10,2025-07-11,2025-07-11,1,1543816.0,1393586.0,1469181.0,1597339.4809948998
daily,2025-07-11,2025-07-12,2025-07-12,1,1497970.0,1379986.0,1523856.0,1560309.2821593937
daily,2025-07-12,2025-07-13,2025-07-13,1,1428407.0,1407855.0,1543816.0,1558323.82860974
daily,2025-07-13,2025-07-14,2025-07-14,1,1504071.0,1502122.0,1497970.0,1596056.6668663307
daily,2025-07-14,2025-07-15,2025-07-15,1,1572957.0,1491609.0,1428407.0,1583661.14596068
daily,2025-07-15,2025-07-16,2025-07-16,1,1594860.0,1469181.0,1504071.0,1609910.179335177
daily,2025-07-16,2025-07-17,2025-07-17,1,1574507.0,1523856.0,1572957.0,1626569.8394092745
daily,2025-07-17,2025-07-18,2025-07-18,1,1570002.0,1543816.0,1594860.0,1631619.1812778567
daily,2025-07-18,2025-07-19,2025-07-19,1,1575702.0,1497970.0,1574507.0,1584304.076893063
daily,2025-07-19,2025-07-20,2025-07-20,1,1576117.0,1428407.0,1570002.0,1568189.5253840277
daily,2025-07-20,2025-07-21,2025-07-21,1,1627495.0,1504071.0,1575702.0,1599140.471488704
daily,2025-07-21,2025-07-22,2025-07-22,1,1633972.0,1572957.0,1576117.0,1595503.895645905
daily,2025-07-22,2025-07-23,2025-07-23,1,1643202.0,1594860.0,1627495.0,1617302.8870828475
daily,2025-07-23,2025-07-24,2025-07-24,1,1661662.0,1574507.0,1633972.0,1625903.7275238528
daily,2025-07-24,2025-07-25,2025-07-25,1,1585642.0,1570002.0,1643202.0,1606045.3049496312
daily,2025-07-25,2025-07-26,2025-07-26,1,1546609.0,1575702.0,1661662.0,1573706.8616352822
daily,2025-07-26,2025-07-27,2025-07-27,1,1553950.0,1576117.0,1585642.0,1554284.67022033
daily,2025-07-27,2025-07-28,2025-07-28,1,1639192.0,1627495.0,1546609.0,1599197.967238172
daily,2025-07-28,2025-07-29,2025-07-29,1,1642261.0,1633972.0,1553950.0,1612920.699146742
daily,2025-07-29,2025-07-30,2025-07-30,1,1616598.0,1643202.0,1639192.0,1648712.899590568
daily,2025-07-30,2025-07-31,2025-07-31,1,1646148.0,1661662.0,1642261.0,1654609.104255657
daily,2025-07-31,2025-08-01,2025-08-01,1,1628717.0,1585642.0,1616598.0,1635098.3908105078
daily,2025-08-01,2025-08-02,2025-08-02,1,1536823.0,1546609.0,1646148.0,1597068.4427206435
daily,2025-08-02,2025-08-03,2025-08-03,1,1534803.0,1553950.0,1628717.0,1581501.9014117958
daily,2025-08-03,2025-08-04,2025-08-04,1,1529226.0,1639192.0,1536823.0,1606135.2743054035
daily,2025-08-04,2025-08-05,2025-08-05,1,1586668.0,1642261.0,1534803.0,1602753.9872948674
daily,2025-08-05,2025-08-06,2025-08-06,1,1629490.0,1616598.0,1529226.0,1607025.4891802988
daily,2025-08-06,2025-08-07,2025-08-07,1,1658599.0,1646148.0,1586668.0,1642865.949313231
daily,2025-08-07,2025-08-08,2025-08-08,1,1678635.0,1628717.0,1629490.0,1653010.885238854
daily,2025-08-08,2025-08-09,2025-08-09,1,1648716.0,1536823.0,1658599.0,1612263.0632843827
daily,2025-08-09,2025-08-10,2025-08-10,1,1615387.0,1534803.0,1678635.0,1596614.4579445159
daily,2025-08-10,2025-08-11,2025-08-11,1,1644392.0,1529226.0,1648716.0,1639910.2161382786
daily,2025-08-11,2025-08-12,2025-08-12,1,1613572.0,1586668.0,1615387.0,1633571.9449787564
daily,2025-08-12,2025-08-13,2025-08-13,1,1607014.0,1629490.0,1644392.0,1647168.0302179456
daily,2025-08-13,2025-08-14,2025-08-14,1,1670679.0,1658599.0,1613572.0,1629354.4721717956
daily,2025-08-14,2025-08-15,2025-08-15,1,1661556.0,1678635.0,1607014.0,1620184.6837084673
daily,2025-08-15,2025-08-16,2025-08-16,1,1608051.0,1648716.0,1670679.0,1600804.688842748
daily,2025-08-16,2025-08-17,2025-08-17,1,1632027.0,1615387.0,1661556.0,1585672.4339504428
daily,2025-08-17,2025-08-18,2025-08-18,1,1682672.0,1644392.0,1608051.0,1615528.1286589229
daily,2025-08-18,2025-08-19,2025-08-19,1,1643855.0,1613572.0,1632027.0,1617305.3927853357
daily,2025-08-19,2025-08-20,2025-08-20,1,1580828.0,1607014.0,1682672.0,1631195.527309586
daily,2025-08-20,2025-08-21,2025-08-21,1,1580505.0,1670679.0,1643855.0,1617394.4645539706
daily,2025-08-21,2025-08-22,2025-08-22,1,1538775.0,1661556.0,1580828.0,1586746.4723930287
daily,2025-08-22,2025-08-23,2025-08-23,1,1518150.0,1608051.0,1580505.0,1531990.8910677524
daily,2025-08-23,2025-08-24,2025-08-24,1,1555546.0,1632027.0,1538775.0,1513806.3177914734
daily,2025-08-24,2025-08-25,2025-08-25,1,1611746.0,1682672.0,1518150.0,1569497.9737190343
daily,2025-08-25,2025-08-26,2025-08-26,1,1557981.0,1643855.0,1555546.0,1578220.8858014827
daily,2025-08-26,2025-08-27,2025-08-27,1,1572027.0,1580828.0,1611746.0,1567997.2429458166
daily,2025-08-27,2025-08-28,2025-08-28,1,1643183.0,1580505.0,1557981.0,1552504.0561662985
daily,2025-08-28,2025-08-29,2025-08-29,1,1562568.0,1538775.0,1572027.0,1553186.8606516377
daily,2025-08-29,2025-08-30,2025-08-30,1,1469973.0,1518150.0,1643183.0,1515728.1283757228
daily,2025-08-30,2025-08-31,2025-08-31,1,1398762.0,1555546.0,1562568.0,1497010.1085585211
daily,2025-08-31,2025-09-01,2025-09-01,1,1439856.0,1611746.0,1469973.0,1496526.239052859
daily,2025-09-01,2025-09-02,2025-09-02,1,1517757.0,1557981.0,1398762.0,1486392.6986124453
daily,2025-09-02,2025-09-03,2025-09-03,1,1532342.0,1572027.0,1439856.0,1479813.7537131584
daily,2025-09-03,2025-09-04,2025-09-04,1,1550568.0,1643183.0,1517757.0,1490619.2732725136
daily,2025-09-04,2025-09-05,2025-09-05,1,1585128.0,1562568.0,1532342.0,1509084.5124016635
daily,2025-09-05,2025-09-06,2025-09-06,1,1395954.0,1469973.0,1550568.0,1474710.4305931693
daily,2025-09-06,2025-09-07,2025-09-07,1,1308472.0,1398762.0,1585128.0,1467924.5930366232
daily,2025-09-07,2025-09-08,2025-09-08,1,1366589.0,1439856.0,1395954.0,1442129.523191571
daily,2025-09-08,2025-09-09,2025-09-09,1,1376444.0,1517757.0,1308472.0,1392919.9738915253
daily,2025-09-09,2025-09-10,2025-09-10,1,1434853.0,1532342.0,1366589.0,1383622.6432794784
daily,2025-09-10,2025-09-11,2025-09-11,1,1507308.0,1550568.0,1376444.0,1393922.7312711265
daily,2025-09-11,2025-09-12,2025-09-12,1,1534801.0,1585128.0,1434853.0,1427783.7515989288
daily,2025-09-12,2025-09-13,2025-09-13,1,1479940.0,1395954.0,1507308.0,1413093.9075616477
daily,2025-09-13,2025-09-14,2025-09-14,1,1464562.0,1308472.0,1534801.0,1394848.0115083556
daily,2025-09-14,2025-09-15,2025-09-15,1,1517940.0,1366589.0,1479940.0,1419695.7369756366
daily,2025-09-15,2025-09-16,2025-09-16,1,1502415.0,1376444.0,1464562.0,1432104.6911260153
daily,2025-09-16,2025-09-17,2025-09-17,1,1511781.0,1434853.0,1517940.0,1450290.854365595
daily,2025-09-17,2025-09-18,2025-09-18,1,1507362.0,1507308.0,1502415.0,1463054.598457581
daily,2025-09-18,2025-09-19,2025-09-19,1,1513181.0,1534801.0,1511781.0,1460703.125479307
daily,2025-09-19,2025-09-20,2025-09-20,1,1482362.0,1479940.0,1507362.0,1427748.7082906317
daily,2025-09-20,2025-09-21,2025-09-21,1,1496934.0,1464562.0,1513181.0,1413073.647466395
daily,2025-09-21,2025-09-22,2025-09-22,1,1573719.0,1517940.0,1482362.0,1435602.1860399854
daily,2025-09-22,2025-09-23,2025-09-23,1,1613144.0,1502415.0,1496934.0,1429117.4233815437
daily,2025-09-23,2025-09-24,2025-09-24,1,1506005.0,1511781.0,1573719.0,1441538.0041686846
daily,2025-09-24,2025-09-25,2025-09-25,1,1420986.0,1507362.0,1613144.0,1444625.1749956813
daily,2025-09-25,2025-09-26,2025-09-26,1,1390543.0,1513181.0,1506005.0,1403178.921729207
daily,2025-09-26,2025-09-27,2025-09-27,1,1348210.0,1482362.0,1420986.0,1342923.6654000606
daily,2025-09-27,2025-09-28,2025-09-28,1,1325640.0,1496934.0,1390543.0,1317825.3232818083
daily,2025-09-28,2025-09-29,2025-09-29,1,1362592.0,1573719.0,1348210.0,1337340.5884564442
daily,2025-09-29,2025-09-30,2025-09-30,1,1417343.0,1613144.0,1325640.0,1334211.2244712247
daily,2025-09-30,2025-10-01,2025-10-01,1,1429009.0,1506005.0,1362592.0,1337508.1422043925
daily,2025-10-01,2025-10-02,2025-10-02,1,1443849.0,1420986.0,1417343.0,1346078.483238486
daily,2025-10-02,2025-10-03,2025-10-03,1,1445657.0,1390543.0,1429009.0,1357013.6808422937
daily,2025-10-03,2025-10-04,2025-10-04,1,1369276.0,1348210.0,1443849.0,1328580.467629997
daily,2025-10-04,2025-10-05,2025-10-05,1,1387337.0,1325640.0,1445657.0,1295333.487762655
daily,2025-10-05,2025-10-06,2025-10-06,1,1457263.0,1362592.0,1369276.0,1337010.3644688204
daily,2025-10-06,2025-10-07,2025-10-07,1,1473203.0,1417343.0,1387337.0,1312943.9232309072
daily,2025-10-07,2025-10-08,2025-10-08,1,1457399.0,1429009.0,1457263.0,1318664.7614156946
daily,2025-10-08,2025-10-09,2025-10-09,1,1446342.0,1443849.0,1473203.0,1347362.7736743435
daily,2025-10-09,2025-10-10,2025-10-10,1,1367799.0,1445657.0,1457399.0,1375598.5238148111
daily,2025-10-10,2025-10-11,2025-10-11,1,1303696.0,1369276.0,1446342.0,1266164.2571924033
daily,2025-10-11,2025-10-12,2025-10-12,1,1307207.0,1387337.0,1367799.0,1250505.581824959
daily,2025-10-12,2025-10-13,2025-10-13,1,1366298.0,1457263.0,1303696.0,1273625.4257478472
daily,2025-10-13,2025-10-14,2025-10-14,1,1351268.0,1473203.0,1307207.0,1288769.4616662094
daily,2025-10-14,2025-10-15,2025-10-15,1,1334764.0,1457399.0,1366298.0,1321559.8106802471
daily,2025-10-15,2025-10-16,2025-10-16,1,1310132.0,1446342.0,1351268.0,1188895.5106879987
daily,2025-10-16,2025-10-17,2025-10-17,1,1384479.0,1367799.0,1334764.0,1162952.7453791946
daily,2025-10-17,2025-10-18,2025-10-18,1,1367849.0,1303696.0,1310132.0,1142766.8636439333
daily,2025-10-18,2025-10-19,2025-10-19,1,1239294.0,1307207.0,1384479.0,1198771.1308891892
daily,2025-10-19,2025-10-20,2025-10-20,1,1324572.0,1366298.0,1367849.0,1293340.3227569188
daily,2025-10-20,2025-10-21,2025-10-21,1,1340756.0,1351268.0,1239294.0,1256414.9516901185
daily,2025-10-21,2025-10-22,2025-10-22,1,1235046.0,1334764.0,1324572.0,1281770.5403777636
daily,2025-10-22,2025-10-23,2025-10-23,1,1289614.0,1310132.0,1340756.0,1299784.378908807
daily,2025-10-23,2025-10-24,2025-10-24,1,1296458.0,1384479.0,1235046.0,1241907.1360066023
daily,2025-10-24,2025-10-25,2025-10-25,1,1186791.0,1367849.0,1289614.0,1175732.6241842448
daily,2025-10-25,2025-10-26,2025-10-26,1,1182740.0,1239294.0,1296458.0,1168832.1513709212
daily,2025-10-26,2025-10-27,2025-10-27,1,1275594.0,1324572.0,1186791.0,1156464.670454925
daily,2025-10-27,2025-10-28,2025-10-28,1,1284812.0,1340756.0,1182740.0,1145255.0813871538
daily,2025-10-28,2025-10-29,2025-10-29,1,1103008.0,1235046.0,1275594.0,1163140.3486409432
daily,2025-10-29,2025-10-30,2025-10-30,1,1102834.0,1289614.0,1284812.0,1199472.647448969
daily,2025-10-30,2025-10-31,2025-10-31,1,1103034.0,1296458.0,1103008.0,1143310.897820199
daily,2025-10-31,2025-11-01,2025-11-01,1,1071470.0,1186791.0,1102834.0,1097019.26189822
daily,2025-11-01,2025-11-02,2025-11-02,1,1102462.0,1182740.0,1103034.0,1062892.8357797645
daily,2025-11-02,2025-11-03,2025-11-03,1,1126832.0,1275594.0,1071470.0,1085279.073761437
daily,2025-11-03,2025-11-04,2025-11-04,1,1143746.0,1284812.0,1102462.0,1128783.9320181855
daily,2025-11-04,2025-11-05,2025-11-05,1,1191246.0,1103008.0,1126832.0,1109439.3701873142
daily,2025-11-05,2025-11-06,2025-11-06,1,1233196.0,1102834.0,1143746.0,1141904.2163656245
daily,2025-11-06,2025-11-07,2025-11-07,1,1241084.0,1103034.0,1191246.0,1165149.2810310526
daily,2025-11-07,2025-11-08,2025-11-08,1,1212485.0,1071470.0,1233196.0,1120840.4316635202
daily,2025-11-08,2025-11-09,2025-11-09,1,1125254.0,1102462.0,1241084.0,1110136.973300947
daily,2025-11-09,2025-11-10,2025-11-10,1,1182715.0,1126832.0,1212485.0,1159084.4801674304
daily,2025-11-10,2025-11-11,2025-11-11,1,1197103.0,1143746.0,1125254.0,1087172.0701341634
daily,2025-11-11,2025-11-12,2025-11-12,1,1190213.0,1191246.0,1182715.0,1189741.8575021243
daily,2025-11-12,2025-11-13,2025-11-13,1,1227096.0,1233196.0,1197103.0,1204999.2481569818
daily,2025-11-13,2025-11-14,2025-11-14,1,1253575.0,1241084.0,1190213.0,1181219.6331614843
daily,2025-11-14,2025-11-15,2025-11-15,1,1242253.0,1212485.0,1227096.0,1169421.251638795
daily,2025-11-15,2025-11-16,2025-11-16,1,1244228.0,1125254.0,1253575.0,1166037.966144367
daily,2025-11-16,2025-11-17,2025-11-17,1,1333234.0,1182715.0,1242253.0,1178995.4465685654
daily,2025-11-17,2025-11-18,2025-11-18,1,1337030.0,1197103.0,1244228.0,1164306.0989993336
daily,2025-11-18,2025-11-19,2025-11-19,1,1332151.0,1190213.0,1333234.0,1216733.1670795102
daily,2025-11-19,2025-11-20,2025-11-20,1,1300440.0,1227096.0,1337030.0,1200054.406312591
daily,2025-11-20,2025-11-21,2025-11-21,1,1273365.0,1253575.0,1332151.0,1213038.2657451425
daily,2025-11-21,2025-11-22,2025-11-22,1,1183140.0,1242253.0,1300440.0,1203721.2408943754
daily,2025-11-22,2025-11-23,2025-11-23,1,1139275.0,1244228.0,1273365.0,1202982.5975845337
daily,2025-11-23,2025-11-24,2025-11-24,1,1216449.0,1333234.0,1183140.0,1176513.4894976944
daily,2025-11-24,2025-11-25,2025-11-25,1,1214573.0,1337030.0,1139275.0,1174925.0922412553
daily,2025-11-25,2025-11-26,2025-11-26,1,1171040.0,1332151.0,1216449.0,1229153.0708093233
daily,2025-11-26,2025-11-27,2025-11-27,1,1122298.0,1300440.0,1214573.0,1197429.4339434926
daily,2025-11-27,2025-11-28,2025-11-28,1,1128387.0,1273365.0,1171040.0,1228881.1218154079
daily,2025-11-28,2025-11-29,2025-11-29,1,1146928.0,1183140.0,1122298.0,1161320.0933913316
daily,2025-11-29,2025-11-30,2025-11-30,1,1215442.0,1139275.0,1128387.0,1150757.0257311638
daily,2025-11-30,2025-12-01,2025-12-01,1,1324050.0,1216449.0,1146928.0,1220427.1279738976
daily,2025-12-01,2025-12-02,2025-12-02,1,1343964.0,1214573.0,1215442.0,1229938.1878026829
daily,2025-12-02,2025-12-03,2025-12-03,1,1286714.0,1171040.0,1324050.0,1248477.525308594
daily,2025-12-03,2025-12-04,2025-12-04,1,1297112.0,1122298.0,1343964.0,1246290.2134896948
daily,2025-12-04,2025-12-05,2025-12-05,1,,1128387.0,1286714.0,1208442.5811515308
daily,2025-12-05,2025-12-06,2025-12-06,1,1196909.0,1146928.0,1297112.0,1179080.9247084914
daily,2025-12-06,2025-12-07,2025-12-07,1,1165350.0,1215442.0,1269035.0,1172513.6191298373
daily,2025-12-07,2025-12-08,2025-12-08,1,1266771.0,1324050.0,1196909.0,1171254.9152825016
daily,2025-12-08,2025-12-09,2025-12-09,1,1258567.0,1343964.0,1165350.0,1127450.666165053
daily,2025-12-09,2025-12-10,2025-12-10,1,1200731.0,1286714.0,1266771.0,1186574.994689727
daily,2025-12-10,2025-12-11,2025-12-11,1,1182718.0,1297112.0,1258567.0,1237682.3348967684
daily,2025-12-11,2025-12-12,2025-12-12,1,1151801.0,1230906.6666666667,1200731.0,1232807.429320872
daily,2025-12-12,2025-12-13,2025-12-13,1,1139662.0,1196909.0,1182718.0,1141538.4474872907
daily,2025-12-13,2025-12-14,2025-12-14,1,1232803.0,1165350.0,1151801.0,1135849.3873556936
daily,2025-12-14,2025-12-15,2025-12-15,1,1347087.0,1266771.0,1139662.0,1177159.8133731103
daily,2025-12-15,2025-12-16,2025-12-16,1,1260323.0,1258567.0,1232803.0,1211064.8579590812
daily,2025-12-16,2025-12-17,2025-12-17,1,1152909.0,1200731.0,1347087.0,1265180.235535678
daily,2025-12-17,2025-12-18,2025-12-18,1,1168588.0,1182718.0,1260323.0,1275879.1237502077
daily,2025-12-18,2025-12-19,2025-12-19,1,1205183.0,1151801.0,1152909.0,1263690.9960024222
daily,2025-12-19,2025-12-20,2025-12-20,1,1159178.0,1139662.0,1168588.0,1222583.021241303
daily,2025-12-20,2025-12-21,2025-12-21,1,1142550.0,1232803.0,1205183.0,1235321.0719952243
daily,2025-12-21,2025-12-22,2025-12-22,1,1193281.0,1347087.0,1159178.0,1237969.130863731
daily,2025-12-22,2025-12-23,2025-12-23,1,1213147.0,1260323.0,1142550.0,1207688.9384304937
daily,2025-12-23,2025-12-24,2025-12-24,1,1178925.0,1152909.0,1193281.0,1236777.588553423
daily,2025-12-24,2025-12-25,2025-12-25,1,1131828.0,1168588.0,1213147.0,1234904.3158486993
daily,2025-12-25,2025-12-26,2025-12-26,1,1185081.0,1205183.0,1178925.0,1251439.4039164372
daily,2025-12-26,2025-12-27,2025-12-27,1,1184858.0,1159178.0,1131828.0,1171570.1204951743
daily,2025-12-27,2025-12-28,2025-12-28,1,1174602.0,1142550.0,1185081.0,1150958.2484291615
daily,2025-12-28,2025-12-29,2025-12-29,1,1280830.0,1193281.0,1184858.0,1211155.677321926
daily,2025-12-29,2025-12-30,2025-12-30,1,1295807.0,1213147.0,1174602.0,1231582.6055504153
daily,2025-12-30,2025-12-31,2025-12-31,1,1240488.0,1178925.0,1280830.0,1283374.5974852815
weekly,2025-01-05,2025-01-06,2025-01-12,7,10068612.0,7621904.0,7455126.0,8275893.3527717395
weekly,2025-01-12,2025-01-13,2025-01-19,7,8948529.0,9957049.0,9687440.0,8756672.021479905
weekly,2025-01-19,2025-01-20,2025-01-26,7,10070241.0,8712762.0,8273195.0,8561227.079672385
weekly,2025-01-26,2025-01-27,2025-02-02,7,7971876.0,10394404.0,8849988.0,8547873.278948072
weekly,2025-02-02,2025-02-03,2025-02-09,7,7941866.0,8064663.0,7700189.0,8353095.289233937
weekly,2025-02-09,2025-02-10,2025-02-16,7,8741052.0,7881426.0,8065624.0,8707624.868666995
weekly,2025-02-16,2025-02-17,2025-02-23,7,10266343.0,8631875.0,7989716.0,8346702.686059948
weekly,2025-02-23,2025-02-24,2025-03-02,7,7637668.0,10290712.0,10093013.0,8297708.26665242
weekly,2025-03-02,2025-03-03,2025-03-09,7,7731284.0,7797631.0,7414435.0,7721074.974033061
weekly,2025-03-09,2025-03-10,2025-03-16,7,7797953.0,7730809.0,7891002.0,7914216.733984133
weekly,2025-03-16,2025-03-17,2025-03-23,7,7762764.0,7822212.0,7426034.0,7726352.199363611
weekly,2025-03-23,2025-03-24,2025-03-30,7,8111410.0,7652256.0,7634249.0,7933542.220083838
weekly,2025-03-30,2025-03-31,2025-04-06,7,8390160.0,8076033.0,8217930.0,7954990.024092909
weekly,2025-04-06,2025-04-07,2025-04-13,7,8091496.0,8461007.0,8037694.0,8170097.9785208255
weekly,2025-04-13,2025-04-14,2025-04-20,7,8593815.0,7974880.0,8164163.0,7887398.782935087
weekly,2025-04-20,2025-04-21,2025-04-27,7,8744022.0,8649135.0,8445514.0,8410740.18200534
weekly,2025-04-27,2025-04-28,2025-05-04,7,8587453.0,8637514.0,8696016.0,8879164.551260721
weekly,2025-05-04,2025-05-05,2025-05-11,7,8220821.0,8746196.0,7741713.0,8840124.984195165
weekly,2025-05-11,2025-05-12,2025-05-18,7,9927120.0,8220487.0,8028832.0,8976794.73168788
weekly,2025-05-18,2025-05-19,2025-05-25,7,10311124.0,9620090.0,10159611.0,9644057.916101601
weekly,2025-05-25,2025-05-26,2025-06-01,7,9446146.0,10218118.0,10645649.0,9978040.506111883
weekly,2025-06-01,2025-06-02,2025-06-08,7,10580100.0,9562249.0,9373931.0,10109727.147561952
weekly,2025-06-08,2025-06-09,2025-06-15,7,10002940.0,10433631.0,10780126.0,10699100.136952538
weekly,2025-06-15,2025-06-16,2025-06-22,7,10909610.0,10138026.0,10461752.0,10812694.642394349
weekly,2025-06-22,2025-06-23,2025-06-29,7,10762507.0,10778386.0,10865519.0,10915306.200803835
weekly,2025-06-29,2025-06-30,2025-07-06,7,10147906.0,10786214.0,10855509.0,11076983.639604684
weekly,2025-07-06,2025-07-07,2025-07-13,7,10456961.0,10255296.0,9659902.0,10974396.629488897
weekly,2025-07-13,2025-07-14,2025-07-20,7,10968216.0,10436409.0,10485790.0,11160207.007480346
weekly,2025-07-20,2025-07-21,2025-07-27,7,11252532.0,10820506.0,11029914.0,10998760.478710322
weekly,2025-07-27,2025-07-28,2025-08-03,7,11244542.0,11274699.0,10826263.0,11207018.027693113
weekly,2025-08-03,2025-08-04,2025-08-10,7,11346721.0,11263689.0,10757761.0,11218683.801988762
weekly,2025-08-10,2025-08-11,2025-08-17,7,11437291.0,11266137.0,11541012.0,11317320.71774665
weekly,2025-08-17,2025-08-18,2025-08-24,7,11100331.0,11420651.0,11256357.0,11128018.019992981
weekly,2025-08-24,2025-08-25,2025-08-31,7,10816240.0,11176812.0,10627050.0,10795448.607417427
weekly,2025-08-31,2025-09-01,2025-09-07,7,10330077.0,10973024.0,10289811.0,10479610.271483598
weekly,2025-09-07,2025-09-08,2025-09-14,7,10164497.0,10420367.0,9771678.0,9888427.77698029
weekly,2025-09-14,2025-09-15,2025-09-21,7,10531975.0,10008407.0,10359580.0,9956980.352049949
weekly,2025-09-21,2025-09-22,2025-09-28,7,10178247.0,10499603.0,10376534.0,9811919.741612734
weekly,2025-09-28,2025-09-29,2025-10-05,7,9855063.0,10349541.0,9437470.0,9292990.496191647
weekly,2025-10-05,2025-10-06,2025-10-12,7,9812909.0,9793366.0,9584932.0,9122184.145434033
weekly,2025-10-12,2025-10-13,2025-10-19,7,9354084.0,9893039.0,9125872.0,8541970.941768209
weekly,2025-10-19,2025-10-20,2025-10-26,7,8855977.0,9421997.0,9574943.0,8872537.2488099
weekly,2025-10-26,2025-10-27,2025-11-02,7,8043214.0,8912531.0,8307537.0,8071822.591283355
weekly,2025-11-02,2025-11-03,2025-11-09,7,8273843.0,8123492.0,7500290.0,7826094.539636416
weekly,2025-11-09,2025-11-10,2025-11-16,7,8537183.0,8251051.0,8487395.0,8105367.675567266
weekly,2025-11-16,2025-11-17,2025-11-23,7,8898635.0,8418209.0,8695771.0,8270166.954305725
weekly,2025-11-23,2025-11-24,2025-11-30,7,8215117.0,9003588.0,8281980.0,8300796.479465833
weekly,2025-11-30,2025-12-01,2025-12-07,7,,8138950.0,8028496.0,8349567.693886473
weekly,2025-12-07,2025-12-08,2025-12-14,7,8433053.0,8941556.166666668,8378363.0,8327158.554755111
weekly,2025-12-14,2025-12-15,2025-12-21,7,8435818.0,8365600.0,7977634.0,8560694.064623691
weekly,2025-12-21,2025-12-22,2025-12-28,7,8261722.0,8526071.0,8114246.0,8427862.64513669
monthly,2024-12-31,2025-01-01,2025-01-31,31,40434798.0,33099354.0,34128706.0,37180122.7735735
monthly,2025-01-31,2025-02-01,2025-02-28,28,34642466.0,33948268.0,30829960.0,34177033.95384127
monthly,2025-02-28,2025-03-01,2025-03-31,31,34699635.0,38645371.0,33360991.0,34486047.75305443
monthly,2025-03-31,2025-04-01,2025-04-30,30,36535334.0,34833402.0,35215920.0,34956809.1410745
monthly,2025-04-30,2025-05-01,2025-05-31,31,41195222.0,39311105.0,40581139.0,40910862.573106386
monthly,2025-05-31,2025-06-01,2025-06-30,30,45175351.0,41833004.0,39615930.0,44475972.08945645
monthly,2025-06-30,2025-07-01,2025-07-31,31,47845965.0,47625811.0,46972595.0,49349508.89660388
monthly,2025-07-31,2025-08-01,2025-08-31,31,49400926.0,49669857.0,50114538.0,49118390.95476693
monthly,2025-08-31,2025-09-01,2025-09-30,30,43984731.0,47061823.0,44099190.0,43756091.26593119
monthly,2025-09-30,2025-10-01,2025-10-31,31,40967380.0,44186014.0,42240352.0,39156934.02675405
monthly,2025-10-31,2025-11-01,2025-11-30,30,36098710.0,36098479.0,33085020.0,34995906.06590091
monthly,2025-11-30,2025-12-01,2025-12-31,31,,36157862.0,35554768.0,37576870.00154987
