scale,model,mean_relative_mae,worst_relative_mae
daily,persistence,0.7574819018272594,0.7842821982252131
daily,repeat_week,1.0,1.0
daily,ridge_100_calendar,0.9578733066772172,1.1012070716246483
daily,ridge_100_weather,1.0043240677801004,1.1011946001595456
daily,ridge_1_calendar,0.9714962845791142,1.1282122408050335
daily,ridge_1_weather,1.0115488899818295,1.1116594187231403
daily,trees_calendar,1.2661432538170172,1.5080246309268186
daily,trees_weather,1.2942533201947115,1.4633765957507343
monthly,persistence,0.9121731992235249,1.0795174086930701
monthly,repeat_week,1.0,1.0
monthly,ridge_100_calendar,0.6440784482968329,0.8615871572991717
monthly,ridge_100_weather,0.61732273302915,0.8252743352000722
monthly,ridge_1_calendar,0.6543360439039487,0.8849851827732487
monthly,ridge_1_weather,0.6204566155336738,0.8342865539263398
monthly,trees_calendar,0.7838272730874078,0.8960663101148816
monthly,trees_weather,0.8352133877139787,0.9481723922798154
weekly,persistence,1.1381027791567278,1.2012951642989558
weekly,repeat_week,1.0,1.0
weekly,ridge_100_calendar,1.1737008601969354,1.5122723975401013
weekly,ridge_100_weather,1.1879400100160322,1.4531898300951276
weekly,ridge_1_calendar,1.1949806641750835,1.5545330695798198
weekly,ridge_1_weather,1.1972663428532384,1.468727444826753
weekly,trees_calendar,1.4787973667195393,1.66621346701716
weekly,trees_weather,1.4855305582341476,1.5718777231861703
