lead,n,wape_pct
1,213,5.74121347105199
2,213,6.698950715538641
3,213,7.058877009016718
4,213,7.629307916743314
5,213,7.572679515815111
6,213,7.540484385740086
7,213,7.810029366197906
8,213,8.17748878819891
9,213,8.11939957012323
10,213,7.9618878481780575
11,213,7.848997967893977
12,213,7.786168088931624
13,213,7.81652465381509
14,213,8.100369124983455
15,213,8.455788136336801
16,213,8.92128954778114
17,213,8.999931754426587
18,213,8.876063643866392
19,213,8.65989885405686
20,213,8.461382461025883
21,213,8.76210024455419
22,213,8.927912714410427
23,213,8.880702899641161
24,213,8.917720501132221
25,213,8.998778312625548
26,213,9.069867207758099
27,213,8.972294809326296
28,213,9.02885693353312
29,213,9.12585272269358
30,213,9.253426849729188
31,213,9.265710657648079
