month,observed_days,expected_days,demand_mwh
2019-01,31,31,29800049.0
2019-02,28,28,26060632.0
2019-03,31,31,27806540.0
2019-04,30,30,26814440.0
2019-05,31,31,32055228.0
2019-06,30,30,35157862.0
2019-07,31,31,39226909.0
2019-08,31,31,41859726.0
2019-09,30,30,37322180.0
2019-10,31,31,30644793.0
2019-11,30,30,27692322.0
2019-12,31,31,29226059.0
2020-01,31,31,28969610.0
2020-02,29,29,27974664.0
2020-03,31,31,28190428.0
2020-04,30,30,26926076.0
2020-05,31,31,31167823.0
2020-06,30,30,35374880.0
2020-07,31,31,40193515.0
2020-08,31,31,40757134.0
2020-09,30,30,32735874.0
2020-10,31,31,31210052.0
2020-11,30,30,27279317.0
2020-12,31,31,30241821.0
2021-01,31,31,30759420.0
2021-02,28,28,28982244.0
2021-03,31,31,27223460.0
2021-04,30,30,28071049.0
2021-05,31,31,31795192.0
2021-06,30,30,37331154.0
2021-07,31,31,39555090.0
2021-08,31,31,41366008.0
2021-09,30,30,36556485.0
2021-10,31,31,32664340.0
2021-11,30,30,28010661.0
2021-12,31,31,30205137.0
2022-01,31,31,33399982.0
2022-02,28,28,31284888.0
2022-03,31,31,30451020.0
2022-04,30,30,30866103.0
2022-05,31,31,38601556.0
2022-06,30,30,42088654.0
2022-07,31,31,45993563.0
2022-08,31,31,43067173.0
2022-09,30,30,37464792.0
2022-10,31,31,32239138.0
2022-11,30,30,31288978.0
2022-12,31,31,33862314.0
2023-01,31,31,32277423.0
2023-02,28,28,30335486.0
2023-03,31,31,31924701.0
2023-04,30,30,30868088.0
2023-05,31,31,36636942.0
2023-06,30,30,42917770.0
2023-07,31,31,47640002.0
2023-08,31,31,50446081.0
2023-09,30,30,43183027.0
2023-10,31,31,35627451.0
2023-11,30,30,31583229.0
2023-12,31,31,33383228.0
2024-01,31,31,38278184.0
2024-02,29,29,30761510.0
2024-03,31,31,32384305.0
2024-04,30,30,33644221.0
2024-05,31,31,40181188.0
2024-06,30,30,44675690.0
2024-07,31,31,44779832.0
2024-08,31,31,49523937.0
2024-09,30,30,41254189.0
2024-10,31,31,39558833.0
2024-11,30,30,33850304.0
2024-12,31,31,34888813.0
2025-01,31,31,40434798.0
2025-02,28,28,34642466.0
2025-03,31,31,34699635.0
2025-04,30,30,36535334.0
2025-05,31,31,41195222.0
2025-06,30,30,45175351.0
2025-07,31,31,47845965.0
2025-08,31,31,49400926.0
2025-09,30,30,43984731.0
2025-10,31,31,40967380.0
2025-11,30,30,36098710.0
2025-12,30,31,
2026-01,31,31,39818731.0
2026-02,28,28,33149316.0
2026-03,31,31,37911480.0
2026-04,30,30,37902046.0
2026-05,31,31,41854430.0
2026-06,30,30,47232311.0
2026-07,31,31,51503716.0
2026-08,31,31,54373856.0
