month,weekday_sunday_zero,mean_demand_mwh,mean_temperature_c,n
01,0,967012.3913043478,11.36195652173913,23
01,1,1016213.5454545454,11.744318181818182,22
01,2,1016207.1818181818,12.094318181818181,22
01,3,1008010.7272727273,12.063636363636363,22
01,4,1011308.9545454546,11.331818181818182,22
01,5,1016908.9545454546,10.960227272727273,22
01,6,975223.3181818182,11.87159090909091,22
02,0,971225.55,12.64875,20
02,1,974283.5,14.096250000000001,20
02,2,978500.2,14.3375,20
02,3,1038797.25,11.928749999999999,20
02,4,1093395.55,9.48125,20
02,5,1098776.15,8.54375,20
02,6,1025635.7142857143,9.975,21
03,0,886347.0,16.50340909090909,22
03,1,953242.6818181818,16.804545454545455,22
03,2,958664.6086956522,17.476086956521737,23
03,3,957321.7826086957,17.997826086956522,23
03,4,950618.6818181818,18.925,22
03,5,951715.2272727273,17.740909090909092,22
03,6,914578.2380952381,17.094047619047622,21
04,0,912179.7142857143,20.19047619047619,21
04,1,962525.8571428572,20.16190476190476,21
04,2,990524.5238095238,21.54404761904762,21
04,3,987496.7142857143,21.432142857142857,21
04,4,962231.4545454546,20.356818181818184,22
04,5,956558.9545454546,20.082954545454545,22
04,6,928413.8181818182,19.90568181818182,22
05,0,1050301.956521739,24.686956521739127,23
05,1,1117270.1304347827,24.883695652173916,23
05,2,1123011.1818181819,24.748863636363637,22
05,3,1100928.6818181819,24.405681818181815,22
05,4,1116606.380952381,24.89166666666667,21
05,5,1122639.6363636365,25.142045454545453,22
05,6,1060413.6363636365,24.582954545454548,22
06,0,1257939.8095238095,28.722619047619045,21
06,1,1291901.142857143,28.44047619047619,21
06,2,1278242.6363636365,28.06590909090909,22
06,3,1291522.6363636365,28.261363636363637,22
06,4,1304276.9090909092,28.32840909090909,22
06,5,1309141.5714285714,28.59047619047619,21
06,6,1266798.0476190476,28.728571428571428,21
07,0,1339760.4090909092,30.170454545454547,22
07,1,1388052.9090909092,30.113636363636363,22
07,2,1380992.7142857143,29.90952380952381,21
07,3,1384927.2727272727,29.917045454545452,22
07,4,1384009.9090909092,29.830681818181816,22
07,5,1372170.5652173914,29.77608695652174,23
07,6,1353034.6956521738,30.069565217391304,23
08,0,1364723.0454545454,30.452272727272728,22
08,1,1419017.956521739,30.36304347826087,23
08,2,1417723.6956521738,30.38369565217391,23
08,3,1412551.3181818181,30.30568181818182,22
08,4,1421601.2272727273,30.563636363636363,22
08,5,1419905.5714285714,30.617857142857144,21
08,6,1366262.9090909092,30.406818181818185,22
09,0,1227446.761904762,28.14761904761905,21
09,1,1255643.0,27.80714285714286,21
09,2,1257857.0,27.545238095238098,21
09,3,1246782.9090909092,27.198863636363637,22
09,4,1244894.8181818181,27.073863636363637,22
09,5,1263898.5454545454,27.45,22
09,6,1241895.142857143,27.907142857142855,21
10,0,1023517.2173913043,22.36521739130435,23
10,1,1060816.7727272727,21.536363636363635,22
10,2,1071726.8636363635,21.294318181818184,22
10,3,1081399.5238095238,21.72142857142857,21
10,4,1067816.0454545454,21.768181818181816,22
10,5,1043568.3181818182,21.452272727272728,22
10,6,989959.6521739131,21.03804347826087,23
11,0,933820.1904761905,15.016666666666666,21
11,1,986087.8181818182,15.552272727272726,22
11,2,996474.7727272727,16.473863636363635,22
11,3,1005269.9545454546,15.97840909090909,22
11,4,976982.619047619,16.136904761904763,21
11,5,968111.9523809524,14.828571428571427,21
11,6,936427.6666666666,14.492857142857144,21
12,0,975326.2272727273,12.830681818181818,22
12,1,1018507.9523809524,12.604761904761904,21
12,2,1030920.5454545454,12.373863636363637,22
12,3,1014780.4545454546,13.889772727272726,22
12,4,1035645.0869565217,13.303260869565218,23
12,5,1026974.9130434783,14.950000000000001,23
12,6,983046.9545454546,14.020454545454545,22
