lag_days,demand_autocorrelation
1,0.951441855076396
2,0.8878632034665647
3,0.8504289240322358
4,0.8299527795448342
5,0.8164376818633263
6,0.8113197910749996
7,0.8096264461607207
8,0.7959319302690147
9,0.7830038910974616
10,0.7771150588204907
11,0.7720761090897046
12,0.7673898827283492
13,0.7708769821063439
14,0.7733782205964886
15,0.7594840880957668
16,0.743768161840299
17,0.7342187368342326
18,0.7259151720074544
19,0.7213528325673118
20,0.7226324542068923
21,0.7239861665576661
22,0.7111670407949408
23,0.6981974918078078
24,0.6920628648886051
25,0.6853878354189106
26,0.6796326577126114
27,0.6804661141575881
28,0.6797862434376432
29,0.663170360271229
30,0.644156821282912
31,0.6340845760527807
32,0.6315240024186715
33,0.6319143428671092
34,0.6353522238462972
35,0.6345008911028852
36,0.6165770930260382
37,0.597255895555693
38,0.5846766766408925
39,0.5720077957338615
40,0.5580256944239117
41,0.5498703490322124
42,0.54072939238931
43,0.519661173952517
44,0.5028753095607049
45,0.49267416562881733
46,0.48020834023595166
47,0.46977607671081406
48,0.46555359625265824
49,0.45868932738568846
50,0.439026600469338
51,0.41838719917631717
52,0.4031295639163855
53,0.3886211091200892
54,0.3775108935403964
55,0.3731708686085227
56,0.36881162739221074
57,0.3495982569992399
58,0.32836475615570215
59,0.31495347524337636
60,0.30426058856297594
