scale,model,n,mae_mwh,rmse_mwh,wape_pct,bias_pct
daily,repeat_week,366,97381.17213114754,135504.45704912292,7.6849867801614975,0.07207431862787413
daily,persistence,366,68796.16120218579,94566.16716382967,5.429156147891058,-0.0001101813125999386
daily,ridge_1_calendar,366,77376.75656780762,103234.19762075125,6.106307187538764,-0.1040930758351841
daily,ridge_1_weather,366,80998.72113669271,108479.72034784943,6.392140159364252,-0.19748444072280316
daily,ridge_100_calendar,366,77407.30040549875,103238.74225918515,6.10871760203404,-0.11527535165049833
daily,ridge_100_weather,366,80602.21015708873,107975.86780718008,6.360848878208367,-0.21463301149400735
daily,trees_calendar,366,104799.52510658167,141514.49502000996,8.270417652466106,1.4093615210908559
daily,trees_weather,366,89691.49170022186,126448.56592841397,7.078143679364307,0.07000343345488459
monthly,repeat_week,12,3021726.4166666665,3510529.163297121,7.818499794275749,-0.5751320052982075
monthly,persistence,12,2489978.3333333335,3275565.280297331,6.44263986955947,0.5526246152478267
monthly,ridge_1_calendar,12,1867335.5214028386,2198819.5589389866,4.831596371334376,-0.08420154155025877
monthly,ridge_1_weather,12,2060812.7736163072,2353713.8916109027,5.3322048474308765,-0.4378195586982828
monthly,ridge_100_calendar,12,1872481.3586033685,2203874.3829421313,4.844910855025491,-0.0973927776849904
monthly,ridge_100_weather,12,2051231.2341148576,2344914.5367336795,5.307413303031709,-0.4532362525638521
monthly,trees_calendar,12,2341123.0699821236,2698046.8479344817,6.05748758063315,1.2933121047678786
monthly,trees_weather,12,1892167.710846207,2271716.7898392053,4.895847875700732,0.22424475645308997
weekly,repeat_week,52,583632.3269230769,824304.9458858913,6.5746447908521555,0.04507946305775275
weekly,persistence,52,586238.1923076923,755005.5793546266,6.603999983301736,-1.8557763201449018
weekly,ridge_1_calendar,52,466253.4039100751,650323.4036272905,5.252365867729751,-0.3592865936970167
weekly,ridge_1_weather,52,494482.1486656127,682953.0663420826,5.570363965329564,-0.47173432245947416
weekly,ridge_100_calendar,52,466302.4546448793,650429.8992373253,5.252918426495247,-0.3688654694489403
weekly,ridge_100_weather,52,492054.6479438252,680428.2172749194,5.54301805894458,-0.4887879240714909
weekly,trees_calendar,52,653088.2402546852,876111.2690529855,7.357068823439581,1.3675703884380526
weekly,trees_weather,52,539770.000886452,773886.1079262142,6.080533686843067,0.12881245257725943
