scale,origin,start,end,days,actual,repeat_week,persistence,ridge_1_calendar,ridge_1_weather,ridge_100_calendar,ridge_100_weather,trees_calendar,trees_weather,model,prediction,lower90,upper90,error,month,weekday,demand_regime,abs_error
daily,2026-01-24,2026-01-25,2026-01-25,1,1697181.0,1335753.0,1254646.0,1259564.4334282514,1251459.1661788973,1259304.614505473,1251666.8789939785,1228300.8192116723,1241231.6263636914,persistence,1254646.0,1105473.0,1403819.0,-442535.0,1,6,high (training p90),442535.0
daily,2026-01-23,2026-01-24,2026-01-24,1,1500889.0,1294078.0,1205390.0,1255372.9140900222,1265589.976792797,1255251.5237403496,1265480.0610942896,1301697.7314698775,1334210.8360720952,persistence,1205390.0,1056217.0,1354563.0,-295499.0,1,5,high (training p90),295499.0
daily,2026-02-02,2026-02-03,2026-02-03,1,1168673.0,1530689.0,1448720.0,1338790.641962902,1260117.0221503312,1339268.1576997153,1261753.5050521248,1249871.6417273437,1290682.531262342,persistence,1448720.0,1299547.0,1597893.0,280047.0,2,1,normal,280047.0
daily,2026-04-18,2026-04-19,2026-04-19,1,1072440.0,1208206.0,1344259.0,1232685.6462028138,1215462.8997876288,1232854.7359882547,1216200.1760369756,1202928.4054466216,1176808.808173228,persistence,1344259.0,1195086.0,1493432.0,271819.0,4,6,normal,271819.0
daily,2026-05-19,2026-05-20,2026-05-20,1,1298131.0,1412930.0,1563058.0,1486211.377945396,1502221.137005067,1485885.0020075357,1500930.2308612345,1491556.4266469306,1481657.641233217,persistence,1563058.0,1413885.0,1712231.0,264927.0,5,2,normal,264927.0
daily,2026-04-04,2026-04-05,2026-04-05,1,1064965.0,1176853.0,1317152.0,1182789.6893188115,1189744.0479979322,1182702.8575383632,1189178.5487035976,1161478.3193966155,1174691.6959931985,persistence,1317152.0,1167979.0,1466325.0,252187.0,4,6,normal,252187.0
daily,2026-01-27,2026-01-28,2026-01-28,1,1403534.0,1190188.0,1638791.0,1387447.2031271292,1377313.564258257,1386082.6740827607,1376992.5688430085,1229856.9958278057,1254229.3778378458,persistence,1638791.0,1489618.0,1787964.0,235257.0,1,2,normal,235257.0
daily,2026-04-29,2026-04-30,2026-04-30,1,1245074.0,1290454.0,1471168.0,1363085.57321417,1357445.2571211488,1362775.2845609973,1357129.4129019817,1308437.8207639537,1272518.046613844,persistence,1471168.0,1321995.0,1620341.0,226094.0,4,3,normal,226094.0
daily,2026-05-28,2026-05-29,2026-05-29,1,1515385.0,1395390.0,1290696.0,1457617.5377824882,1427092.908072111,1457563.8882712126,1427737.6755248606,1412599.5355074082,1423692.9939237754,persistence,1290696.0,1141523.0,1439869.0,-224689.0,5,4,high (training p90),224689.0
daily,2026-03-07,2026-03-08,2026-03-08,1,1074488.0,1168606.0,1299125.0,1188351.5675202229,1178662.3964868644,1187738.194238664,1178497.9159986079,1122160.0274025751,1160241.9430819498,persistence,1299125.0,1149952.0,1448298.0,224637.0,3,6,normal,224637.0
