start,rolling_28_wape,rolling_28_bias,review_flag
2026-01-01,,,False
2026-01-02,,,False
2026-01-03,,,False
2026-01-04,,,False
2026-01-05,,,False
2026-01-06,,,False
2026-01-07,,,False
2026-01-08,,,False
2026-01-09,,,False
2026-01-10,,,False
2026-01-11,,,False
2026-01-12,,,False
2026-01-13,,,False
2026-01-14,,,False
2026-01-15,,,False
2026-01-16,,,False
2026-01-17,,,False
2026-01-18,,,False
2026-01-19,,,False
2026-01-20,,,False
2026-01-21,,,False
2026-01-22,,,False
2026-01-23,,,False
2026-01-24,,,False
2026-01-25,,,False
2026-01-26,,,False
2026-01-27,,,False
2026-01-28,6.927144266490834,-1.1184743587909398,False
2026-01-29,6.943331687900278,-1.0541267382796982,False
2026-01-30,6.625574610817974,-1.314300415446482,False
2026-01-31,6.96126062885261,-1.8361539580738415,False
2026-02-01,7.0105417837646105,-2.0300657543840446,False
2026-02-02,7.349468043489972,-1.2904943585456454,False
2026-02-03,7.940923319389363,-0.3646466668401326,False
2026-02-04,8.160834386917067,-0.07286601782951786,False
2026-02-05,8.304377323182571,-0.22788861290639606,False
2026-02-06,8.368509470602374,-0.16203872508109363,False
2026-02-07,8.714078447033042,0.16751931729789837,False
2026-02-08,8.816611379635365,0.5192671498709583,False
2026-02-09,8.761663200639989,0.5991730970272238,False
2026-02-10,8.891810055697963,0.4897951544734052,False
2026-02-11,8.804550100422574,0.3614535117083902,False
2026-02-12,8.814580601587746,0.3727980409968037,False
2026-02-13,8.818584144332725,0.3824773560713186,False
2026-02-14,8.849616625573255,0.616125663405497,False
2026-02-15,8.772585287170658,1.1388005913358847,False
2026-02-16,8.849699615845235,1.1045508010021274,False
2026-02-17,9.005530917390184,0.7807068112301582,False
2026-02-18,8.737569908125742,0.3775465208325586,False
2026-02-19,8.551065615613286,0.0382491037900533,False
2026-02-20,8.415077927089687,0.18989934928271218,False
2026-02-21,7.827938415231807,1.192215466890148,False
2026-02-22,6.815100186286722,2.6180415552870007,False
2026-02-23,6.710367109150719,2.838316152047764,False
2026-02-24,6.470707804688008,2.190852083523129,False
2026-02-25,5.950060481266188,1.6410897086724363,False
2026-02-26,5.417791286828536,1.0679070305487826,False
2026-02-27,5.49052923216694,0.9454540156155337,False
2026-02-28,5.149002169456528,1.5983225717236518,False
2026-03-01,5.1137140475756,1.8952726628410388,False
2026-03-02,4.668796333523889,1.1225166512412244,False
2026-03-03,4.09457675578672,-0.0237187091279618,False
2026-03-04,3.9441081383115217,-0.4618799006590654,False
2026-03-05,3.745480606251351,-0.266571616000364,False
2026-03-06,3.7196588651492286,-0.4527037904591034,False
2026-03-07,3.531789806986609,-0.6292050562487858,False
2026-03-08,3.9764232718186197,-0.18809152331265064,False
2026-03-09,3.9391347746542706,-0.1600636161381709,False
2026-03-10,4.4407442545682425,-0.6781012302550343,False
2026-03-11,4.461848559808939,-0.615534344973337,False
2026-03-12,4.907564931824119,-0.05750041904927789,False
2026-03-13,5.077326819759383,0.1644691803343324,False
2026-03-14,5.038723071143222,-0.042176131524630185,False
2026-03-15,4.932897000272397,-0.36178229865928335,False
2026-03-16,4.990786837218107,-0.42639251224141794,False
2026-03-17,4.862319621042104,-0.30515385202127376,False
2026-03-18,4.909327967868183,-0.11892292580288978,False
2026-03-19,4.976042175495355,0.10653450140041969,False
2026-03-20,5.1069368242746105,-0.029248792665080223,False
2026-03-21,5.115003967721012,-0.3970213634965987,False
2026-03-22,5.050445894996666,-0.6247561129305866,False
2026-03-23,4.862419507537265,-0.3768566016568163,False
2026-03-24,4.6762442861815785,-0.19717800711294362,False
2026-03-25,4.764290399053896,-0.5647980203100238,False
2026-03-26,4.919978159998319,-0.7336906698927934,False
2026-03-27,5.027252170784737,-0.45116294354404374,False
2026-03-28,5.492165024530719,0.0059019427091329514,False
2026-03-29,5.603993765023026,0.1190562548348201,False
2026-03-30,5.93212238505374,-0.22030018451331984,False
2026-03-31,6.064966171431321,-0.3626720546703018,False
2026-04-01,6.0669636148165225,-0.37665529503756895,False
2026-04-02,6.028134410464717,-0.3455442427275581,False
2026-04-03,6.014350786921331,-0.18797944527789923,False
2026-04-04,6.188163635393764,-0.016401373934281534,False
2026-04-05,6.270031170662483,0.06374713089179097,False
2026-04-06,6.4261146290287305,0.3428312196204513,False
2026-04-07,6.006765237179186,0.794535612067752,False
2026-04-08,6.13008211088923,0.589968440387485,False
2026-04-09,5.916805602238142,-0.19350883175993994,False
2026-04-10,5.931639551558633,-0.6052362318284471,False
2026-04-11,5.836278459871358,-0.5189698215675648,False
2026-04-12,5.853177518873338,-0.27612570014979715,False
2026-04-13,5.9909684222360156,-0.4349417865232287,False
2026-04-14,6.213774754213006,-0.6743307085339709,False
2026-04-15,6.118982366031952,-0.7387076841195416,False
2026-04-16,6.022884580033146,-0.9476384962045934,False
2026-04-17,5.913229220509527,-0.8557038622159872,False
2026-04-18,6.2673844888875925,-0.1388329013477607,False
2026-04-19,6.992983701725896,0.7295452416934903,False
2026-04-20,7.166646958558174,0.8805775148748151,False
2026-04-21,7.382211318102649,0.6914868621228942,False
2026-04-22,7.495262044159527,0.6002672851500703,False
2026-04-23,7.753401643653376,0.34842752316972614,False
2026-04-24,7.942913411746498,-0.2595649949514559,False
2026-04-25,7.560685864156811,-1.0638781968357804,False
2026-04-26,7.3166563659341355,-1.267522971785955,False
2026-04-27,7.075467327242055,-1.0576823865986194,False
2026-04-28,6.932001061952714,-0.9397121066571869,False
2026-04-29,7.194869246930347,-0.37698874646173075,False
2026-04-30,7.847791848778779,0.26848269080706455,False
2026-05-01,8.322197247440744,0.7062295075796343,False
2026-05-02,8.351035634268019,0.7173558580517422,False
2026-05-03,7.648823024477655,-0.04306762338037488,False
2026-05-04,7.850846342472882,-0.679851547661702,False
2026-05-05,8.201449730152564,-1.0789075741831962,False
2026-05-06,8.112534311965875,-1.0142729797367964,False
2026-05-07,8.306046332845929,-0.26372637319414916,False
2026-05-08,8.306331637834289,0.15880579885610177,False
2026-05-09,8.736963974836257,-0.3071073400978497,False
2026-05-10,8.900053794380993,-0.7534202226089588,False
2026-05-11,8.8328632669855,-0.2311623793339345,False
2026-05-12,8.494392943225643,0.12374481656890095,False
2026-05-13,8.782622216291102,-0.2732298208999989,False
2026-05-14,8.993391721974033,-0.5048051223323666,False
2026-05-15,8.937031935320185,-0.46741359700789553,False
2026-05-16,8.44260149504591,-0.898242035417412,False
2026-05-17,7.6678019654132195,-1.6839602025701768,False
2026-05-18,7.799436339961515,-2.2228415544518727,False
2026-05-19,7.617203650896578,-2.089666350097122,False
2026-05-20,8.007060901300648,-1.0772331624753624,False
2026-05-21,8.110123722352197,-0.17969459841852212,False
2026-05-22,7.984121092398382,-0.06000601179732587,False
2026-05-23,7.803731030932184,0.13761125613590316,False
2026-05-24,8.00839069230594,0.3389487047997512,False
2026-05-25,7.981457786278848,0.38812920708422094,False
2026-05-26,7.908038860727416,0.4793101842200114,False
2026-05-27,7.742693289171188,0.3069429076614832,False
2026-05-28,7.143754235817934,-0.3402501987484679,False
2026-05-29,7.197130795792208,-1.4057553780139835,False
2026-05-30,6.999170573512166,-1.964296822558951,False
2026-05-31,6.908241714266743,-1.9011921189823062,False
2026-06-01,6.675947307803646,-1.7091860332106446,False
2026-06-02,6.2144478534265835,-1.271039854008167,False
2026-06-03,6.462614565640889,-0.8263234182782244,False
2026-06-04,6.243964053722573,-0.9981338572035813,False
2026-06-05,6.074591762653242,-1.1318466228530313,False
2026-06-06,5.736887117146573,-0.6233703568921724,False
2026-06-07,5.554290411600479,-0.4574570210165826,False
2026-06-08,5.7626688648761055,-1.1022482323676674,False
2026-06-09,6.042303349328442,-1.427918935225644,False
2026-06-10,5.763038010329008,-1.1727246509806877,False
2026-06-11,5.576541635829104,-1.0087026390890752,False
2026-06-12,5.5548368514666535,-0.9426276510423932,False
2026-06-13,5.6218548140233615,-0.8498533790094114,False
2026-06-14,5.817247659378883,-0.550252133902124,False
2026-06-15,5.810526786414613,0.13477732943112136,False
2026-06-16,5.77397506730999,0.2297670093501185,False
2026-06-17,5.417813908116471,-0.7383841825917842,False
2026-06-18,5.3593519119240804,-1.6230946989276809,False
2026-06-19,5.174066887778205,-1.3175063166244492,False
2026-06-20,5.618337429531655,-0.7984480480706927,False
2026-06-21,5.473732442898515,-0.9119618554543776,False
2026-06-22,5.727451023369052,-1.1984043538420424,False
2026-06-23,5.847521396569842,-1.3472073162293505,False
2026-06-24,5.6624798270567505,-1.471628490850669,False
2026-06-25,5.686025666675166,-1.3427611481859556,False
2026-06-26,5.168709838396724,-0.8400975248473506,False
2026-06-27,5.018898379843242,-0.7063108080712445,False
2026-06-28,5.004593121431127,-0.7231406184034898,False
2026-06-29,4.928563849506102,-0.6602597131602183,False
2026-06-30,4.85847203835689,-0.6028293893067117,False
2026-07-01,4.613342668937055,-0.819328236191135,False
2026-07-02,4.402035677095526,-1.0044117948749487,False
2026-07-03,4.3601532000806635,-1.017253661355704,False
2026-07-04,4.27471651258016,-1.0736828595720038,False
2026-07-05,4.221503976369444,-0.8870972791808325,False
2026-07-06,3.825276659313952,-0.48093834021515075,False
2026-07-07,3.6145674425111496,-0.2750236903921434,False
2026-07-08,3.619096313552538,-0.28426477008747014,False
2026-07-09,3.601594913943539,-0.27110482610646436,False
2026-07-10,3.618795995064055,-0.24928533997086103,False
2026-07-11,3.726945787763848,-0.14031978821279936,False
2026-07-12,3.6982468510491033,-0.1635097922315502,False
2026-07-13,3.513043305344862,-0.3410335957796824,False
2026-07-14,3.7096773910817253,-0.1464246871167924,False
2026-07-15,3.6521173680105354,0.3731555474310539,False
2026-07-16,3.350992204802461,0.6890717142244368,False
2026-07-17,3.6500588542498655,0.2620869843949843,False
2026-07-18,3.4236495444573634,-0.42854493817923583,False
2026-07-19,3.4418828130583377,-0.5614703833166492,False
2026-07-20,3.1733078839169653,-0.2945175194248675,False
2026-07-21,3.080393169815339,-0.20591185061301914,False
2026-07-22,3.259161030736133,-0.4923811681361737,False
2026-07-23,3.1713619745742094,-0.571583288318114,False
2026-07-24,3.403361353667904,-0.30254573268448715,False
2026-07-25,3.4576864563305096,-0.12499388897770519,False
2026-07-26,3.481876834744589,-0.07813942193763619,False
2026-07-27,3.511168522408539,-0.11027736105702256,False
2026-07-28,3.6471460514385123,-0.25198556560285706,False
2026-07-29,3.5837341305265493,-0.3745872119772118,False
2026-07-30,3.597897619782092,-0.4527356409347358,False
2026-07-31,3.6004868055969483,-0.5109725644388675,False
2026-08-01,3.7877777332922693,-0.32135084996441265,False
2026-08-02,4.011160015255698,-0.09633843900279082,False
2026-08-03,4.0541268327315025,-0.15784593310001646,False
2026-08-04,4.1740257626535415,-0.28422028098913704,False
2026-08-05,4.199885732061705,-0.315913718295481,False
2026-08-06,4.133482592492454,-0.25353929627263627,False
2026-08-07,4.1034300940133965,-0.2760251760351584,False
2026-08-08,3.990440419254001,-0.3799145356725349,False
2026-08-09,3.934575096983316,-0.4262143080879791,False
2026-08-10,3.834513839402779,-0.5697561731328007,False
2026-08-11,3.7407760751133647,-0.9223309377872572,False
2026-08-12,3.6929109780759592,-1.323857039612335,False
2026-08-13,3.70704574258356,-1.3522366445473266,False
2026-08-14,3.3777138471508628,-0.9784913876152085,False
2026-08-15,3.217709713070251,-0.6794006358916317,False
2026-08-16,3.258257491908899,-0.48124095243465687,False
2026-08-17,3.107230267629887,-0.2924501837460093,False
2026-08-18,3.0547744562374426,-0.24370791445907222,False
2026-08-19,2.93443375257785,-0.12311920351391836,False
2026-08-20,2.9747418560524315,-0.17135746717062691,False
2026-08-21,2.7587194475647485,-0.4356662533896044,False
2026-08-22,2.7103756531000482,-0.4769332999527889,False
2026-08-23,2.7764344966536965,-0.405013510630154,False
2026-08-24,2.7022175561514317,-0.3343718489563232,False
2026-08-25,2.577835408164739,-0.2114282766644047,False
2026-08-26,2.6357860975735137,-0.08948899731153198,False
2026-08-27,2.604115560080587,-0.02508871079307523,False
2026-08-28,2.6580894276539313,0.09415560118790484,False
2026-08-29,2.6270171873766563,0.06376783151813331,False
2026-08-30,2.373531851710078,-0.185642230804155,False
2026-08-31,2.4433356127903587,-0.2576070923312269,False
