lag,residual_autocorrelation
1,0.4710566475333234
2,-0.25502486101612304
3,-0.341841682656095
4,-0.17858194740997388
5,-0.10195194733908612
6,0.015856234563209236
7,0.09968893793168662
8,-0.03624272324859227
9,-0.14573090297183675
10,-0.05722769426290882
11,0.020025120346588477
12,0.03401009387255247
13,0.09153640821906392
14,0.09964332647337892
15,-0.012229228597556135
16,-0.10343036502278284
17,-0.08720928412008842
18,-0.05270692636473143
19,-0.01824548525301296
20,0.05783497397575875
21,0.04744083109238369
22,-0.06566756624068705
23,-0.07658795458870046
24,0.03566446799756176
25,0.09243588097551654
26,0.04336065459848948
27,0.008287435259976002
28,-0.020114230139027085
