dimension,value,n,wape_pct,bias_pct
month,1,31,7.13883875405271,-0.9168373547615066
month,2,28,5.149002169456528,1.5983225717236518
month,3,31,5.959321556425652,-0.6297169089679432
month,4,30,7.441629932062242,0.10385719018968
month,5,31,7.120613039049869,-1.035159241208159
month,6,30,4.796807422783103,-0.822904896607748
month,7,31,3.37809605815627,-0.3343739313877857
month,8,31,2.6913467384031033,0.14728953561799996
weekday,0,35,5.467411207343223,-2.965891273502828
weekday,1,34,5.7688955181409325,-3.2993592395056353
weekday,2,34,5.20275652173245,0.8105074332641913
weekday,3,35,5.00247141651112,0.6775843137748572
weekday,4,35,3.7243779942418187,-0.27372839622205036
weekday,5,35,5.981740639559976,1.5286586317910438
weekday,6,35,5.689414137597514,1.6631242395287504
demand_regime,high (training p90),92,4.061283892778776,-1.688157215046618
demand_regime,normal,151,6.2321361002156905,0.8708889772346398
