model,training_daily_mae,n,fold
ridge_1_calendar,55944.43418329909,1064,2022
ridge_1_weather,51696.58916423179,1064,2022
ridge_100_calendar,56070.32914003492,1064,2022
ridge_100_weather,51644.237565836214,1064,2022
trees_calendar,35777.836885200435,1064,2022
trees_weather,30438.632279724494,1064,2022
ridge_1_calendar,66300.92088334431,1429,2023
ridge_1_weather,63544.995010008315,1429,2023
ridge_100_calendar,66306.44448728535,1429,2023
ridge_100_weather,63483.04839211252,1429,2023
trees_calendar,42561.25974050566,1429,2023
trees_weather,38289.07083700082,1429,2023
