date,demand_mwh,regression_forecast_mwh,baseline_forecast_mwh,week_start
2025-01-01,1086807.0,1012422.6910846641,1018790.0,2024-12-30
2025-01-02,1147154.0,1012928.625789958,1077305.0,2024-12-30
2025-01-03,1106968.0,1008214.1621392269,1093843.0,2024-12-30
2025-01-04,1065018.0,972581.9205597877,1079096.0,2024-12-30
2025-01-05,1136098.0,962821.0047659768,1039828.0,2024-12-30
2025-01-06,1457315.0,1006821.2843979576,1100926.0,2025-01-06
2025-01-07,1463131.0,1008176.0117785104,1075203.0,2025-01-06
2025-01-08,1485726.0,1012422.6910846641,1018790.0,2025-01-06
2025-01-09,1508685.0,1012928.625789958,1077305.0,2025-01-06
2025-01-10,1522174.0,1008214.1621392269,1093843.0,2025-01-06
2025-01-11,1383920.0,972581.9205597877,1079096.0,2025-01-06
2025-01-12,1247661.0,962821.0047659768,1039828.0,2025-01-06
2025-01-13,1283509.0,1006821.2843979576,1100926.0,2025-01-13
2025-01-14,1316513.0,1008176.0117785104,1075203.0,2025-01-13
2025-01-15,1242465.0,1012422.6910846641,1018790.0,2025-01-13
2025-01-16,1229520.0,1012928.625789958,1077305.0,2025-01-13
2025-01-17,1211209.0,1008214.1621392269,1093843.0,2025-01-13
2025-01-18,1181885.0,972581.9205597877,1079096.0,2025-01-13
2025-01-19,1483428.0,962821.0047659768,1039828.0,2025-01-13
2025-01-20,1674205.0,1006821.2843979576,1100926.0,2025-01-20
2025-01-21,1647906.0,1008176.0117785104,1075203.0,2025-01-20
2025-01-22,1549289.0,1012422.6910846641,1018790.0,2025-01-20
2025-01-23,1400399.0,1012928.625789958,1077305.0,2025-01-20
2025-01-24,1374893.0,1008214.1621392269,1093843.0,2025-01-20
2025-01-25,1264284.0,972581.9205597877,1079096.0,2025-01-20
2025-01-26,1159265.0,962821.0047659768,1039828.0,2025-01-20
2025-01-27,1250717.0,1006821.2843979576,1100926.0,2025-01-27
2025-01-28,1197092.0,1008176.0117785104,1075203.0,2025-01-27
2025-01-29,1139746.0,1012422.6910846641,1018790.0,2025-01-27
2025-01-30,1101070.0,1012928.625789958,1077305.0,2025-01-27
2025-01-31,1116746.0,1008214.1621392269,1093843.0,2025-01-27
